{
  "experiment_id": "14_pair_m_e_finetune_wide_official",
  "fold": 2,
  "device": "cuda",
  "best_val_macro_f1": 0.5884020460399865,
  "test": {
    "accuracy": 0.8440150801131009,
    "macro_precision": 0.580219403392557,
    "macro_recall": 0.6237932258123305,
    "macro_f1": 0.5763808118635398,
    "per_class": {
      "0": {
        "precision": 0.2,
        "recall": 0.375,
        "f1": 0.2608695652173913,
        "support": 8
      },
      "1": {
        "precision": 1.0,
        "recall": 0.9457364341085271,
        "f1": 0.9721115537848606,
        "support": 129
      },
      "2": {
        "precision": 0.9439655172413793,
        "recall": 0.9563318777292577,
        "f1": 0.9501084598698482,
        "support": 229
      },
      "3": {
        "precision": 0.8732394366197183,
        "recall": 0.93,
        "f1": 0.9007263922518159,
        "support": 200
      },
      "4": {
        "precision": 0.9293478260869565,
        "recall": 0.868020304568528,
        "f1": 0.8976377952755905,
        "support": 197
      },
      "5": {
        "precision": 0.2,
        "recall": 1.0,
        "f1": 0.3333333333333333,
        "support": 1
      },
      "6": {
        "precision": 0.0,
        "recall": 0.0,
        "f1": 0.0,
        "support": 1
      },
      "7": {
        "precision": 0.7575757575757576,
        "recall": 0.9615384615384616,
        "f1": 0.847457627118644,
        "support": 26
      },
      "8": {
        "precision": 0.9458128078817734,
        "recall": 0.9552238805970149,
        "f1": 0.9504950495049505,
        "support": 201
      },
      "9": {
        "precision": 0.9849246231155779,
        "recall": 0.9849246231155779,
        "f1": 0.9849246231155779,
        "support": 199
      },
      "10": {
        "precision": 0.8701298701298701,
        "recall": 0.7204301075268817,
        "f1": 0.788235294117647,
        "support": 186
      },
      "11": {
        "precision": 0.3333333333333333,
        "recall": 0.15,
        "f1": 0.20689655172413793,
        "support": 80
      },
      "12": {
        "precision": 0.4230769230769231,
        "recall": 0.8461538461538461,
        "f1": 0.5641025641025641,
        "support": 52
      },
      "13": {
        "precision": 0.967032967032967,
        "recall": 0.8585365853658536,
        "f1": 0.9095607235142119,
        "support": 205
      },
      "14": {
        "precision": 0.8275862068965517,
        "recall": 0.9230769230769231,
        "f1": 0.8727272727272727,
        "support": 78
      },
      "15": {
        "precision": 0.9802631578947368,
        "recall": 0.9802631578947368,
        "f1": 0.9802631578947368,
        "support": 152
      },
      "16": {
        "precision": 0.03225806451612903,
        "recall": 0.1,
        "f1": 0.04878048780487805,
        "support": 10
      },
      "17": {
        "precision": 0.07407407407407407,
        "recall": 0.2857142857142857,
        "f1": 0.11764705882352941,
        "support": 7
      },
      "18": {
        "precision": 0.4117647058823529,
        "recall": 0.175,
        "f1": 0.24561403508771928,
        "support": 40
      },
      "19": {
        "precision": 0.0,
        "recall": 0.0,
        "f1": 0.0,
        "support": 2
      },
      "20": {
        "precision": 0.6494845360824743,
        "recall": 0.7159090909090909,
        "f1": 0.6810810810810811,
        "support": 88
      },
      "21": {
        "precision": 0.0,
        "recall": 0.0,
        "f1": 0.0,
        "support": 5
      },
      "22": {
        "precision": 0.9411764705882353,
        "recall": 0.6153846153846154,
        "f1": 0.7441860465116279,
        "support": 26
      }
    },
    "zero_support_classes": [],
    "confusion_matrix": [
      [
        3,
        0,
        0,
        0,
        0,
        0,
        0,
        0,
        0,
        0,
        1,
        1,
        2,
        0,
        0,
        0,
        1,
        0,
        0,
        0,
        0,
        0,
        0
      ],
      [
        0,
        122,
        3,
        0,
        0,
        0,
        0,
        0,
        1,
        0,
        0,
        0,
        0,
        0,
        0,
        0,
        0,
        0,
        0,
        0,
        3,
        0,
        0
      ],
      [
        0,
        0,
        219,
        0,
        0,
        0,
        0,
        8,
        0,
        0,
        0,
        0,
        0,
        0,
        0,
        0,
        0,
        0,
        0,
        0,
        1,
        1,
        0
      ],
      [
        0,
        0,
        0,
        186,
        13,
        0,
        0,
        0,
        0,
        0,
        0,
        0,
        0,
        1,
        0,
        0,
        0,
        0,
        0,
        0,
        0,
        0,
        0
      ],
      [
        0,
        0,
        1,
        25,
        171,
        0,
        0,
        0,
        0,
        0,
        0,
        0,
        0,
        0,
        0,
        0,
        0,
        0,
        0,
        0,
        0,
        0,
        0
      ],
      [
        0,
        0,
        0,
        0,
        0,
        1,
        0,
        0,
        0,
        0,
        0,
        0,
        0,
        0,
        0,
        0,
        0,
        0,
        0,
        0,
        0,
        0,
        0
      ],
      [
        0,
        0,
        0,
        0,
        0,
        0,
        0,
        0,
        0,
        0,
        0,
        0,
        0,
        0,
        0,
        0,
        0,
        0,
        0,
        0,
        1,
        0,
        0
      ],
      [
        0,
        0,
        1,
        0,
        0,
        0,
        0,
        25,
        0,
        0,
        0,
        0,
        0,
        0,
        0,
        0,
        0,
        0,
        0,
        0,
        0,
        0,
        0
      ],
      [
        0,
        0,
        1,
        0,
        0,
        0,
        1,
        0,
        192,
        0,
        0,
        0,
        0,
        1,
        0,
        0,
        0,
        3,
        2,
        0,
        1,
        0,
        0
      ],
      [
        0,
        0,
        0,
        0,
        0,
        0,
        0,
        0,
        0,
        196,
        1,
        1,
        0,
        0,
        0,
        1,
        0,
        0,
        0,
        0,
        0,
        0,
        0
      ],
      [
        6,
        0,
        0,
        0,
        0,
        0,
        0,
        0,
        0,
        0,
        134,
        18,
        14,
        0,
        0,
        0,
        14,
        0,
        0,
        0,
        0,
        0,
        0
      ],
      [
        3,
        0,
        0,
        0,
        0,
        0,
        0,
        0,
        0,
        0,
        16,
        12,
        37,
        0,
        0,
        0,
        12,
        0,
        0,
        0,
        0,
        0,
        0
      ],
      [
        2,
        0,
        0,
        0,
        0,
        0,
        0,
        0,
        0,
        0,
        1,
        2,
        44,
        0,
        0,
        0,
        3,
        0,
        0,
        0,
        0,
        0,
        0
      ],
      [
        0,
        0,
        5,
        2,
        0,
        1,
        0,
        0,
        2,
        3,
        0,
        0,
        1,
        176,
        9,
        1,
        0,
        3,
        1,
        0,
        1,
        0,
        0
      ],
      [
        0,
        0,
        0,
        0,
        0,
        2,
        0,
        0,
        1,
        0,
        0,
        0,
        0,
        0,
        72,
        1,
        0,
        1,
        0,
        0,
        1,
        0,
        0
      ],
      [
        0,
        0,
        0,
        0,
        0,
        0,
        0,
        0,
        0,
        0,
        0,
        0,
        0,
        0,
        3,
        149,
