{
  "experiment_id": "15_triple_gmu_finetune_wide_official",
  "fold": 0,
  "device": "cuda",
  "best_val_macro_f1": 0.5839984413954814,
  "test": {
    "accuracy": 0.8496701225259189,
    "macro_precision": 0.5642529104982479,
    "macro_recall": 0.5746084567678116,
    "macro_f1": 0.5644914561964498,
    "per_class": {
      "0": {
        "precision": 0.0,
        "recall": 0.0,
        "f1": 0.0,
        "support": 8
      },
      "1": {
        "precision": 0.9318181818181818,
        "recall": 0.9534883720930233,
        "f1": 0.9425287356321839,
        "support": 129
      },
      "2": {
        "precision": 0.9862385321100917,
        "recall": 0.9388646288209607,
        "f1": 0.9619686800894854,
        "support": 229
      },
      "3": {
        "precision": 0.8486238532110092,
        "recall": 0.925,
        "f1": 0.8851674641148325,
        "support": 200
      },
      "4": {
        "precision": 0.9464285714285714,
        "recall": 0.8071065989847716,
        "f1": 0.8712328767123287,
        "support": 197
      },
      "5": {
        "precision": 0.0,
        "recall": 0.0,
        "f1": 0.0,
        "support": 1
      },
      "6": {
        "precision": 0.0,
        "recall": 0.0,
        "f1": 0.0,
        "support": 1
      },
      "7": {
        "precision": 0.7222222222222222,
        "recall": 1.0,
        "f1": 0.8387096774193549,
        "support": 26
      },
      "8": {
        "precision": 0.9023255813953488,
        "recall": 0.9651741293532339,
        "f1": 0.9326923076923077,
        "support": 201
      },
      "9": {
        "precision": 0.9947643979057592,
        "recall": 0.9547738693467337,
        "f1": 0.9743589743589743,
        "support": 199
      },
      "10": {
        "precision": 0.8323699421965318,
        "recall": 0.7741935483870968,
        "f1": 0.8022284122562674,
        "support": 186
      },
      "11": {
        "precision": 0.4166666666666667,
        "recall": 0.4375,
        "f1": 0.4268292682926829,
        "support": 80
      },
      "12": {
        "precision": 0.6545454545454545,
        "recall": 0.6923076923076923,
        "f1": 0.6728971962616822,
        "support": 52
      },
      "13": {
        "precision": 0.9036697247706422,
        "recall": 0.9609756097560975,
        "f1": 0.9314420803782506,
        "support": 205
      },
      "14": {
        "precision": 0.9736842105263158,
        "recall": 0.9487179487179487,
        "f1": 0.961038961038961,
        "support": 78
      },
      "15": {
        "precision": 0.9806451612903225,
        "recall": 1.0,
        "f1": 0.990228013029316,
        "support": 152
      },
      "16": {
        "precision": 0.15384615384615385,
        "recall": 0.2,
        "f1": 0.17391304347826086,
        "support": 10
      },
      "17": {
        "precision": 0.25,
        "recall": 0.14285714285714285,
        "f1": 0.18181818181818182,
        "support": 7
      },
      "18": {
        "precision": 0.425,
        "recall": 0.425,
        "f1": 0.425,
        "support": 40
      },
      "19": {
        "precision": 0.0,
        "recall": 0.0,
        "f1": 0.0,
        "support": 2
      },
      "20": {
        "precision": 0.6363636363636364,
        "recall": 0.3977272727272727,
        "f1": 0.48951048951048953,
        "support": 88
      },
      "21": {
        "precision": 0.0,
        "recall": 0.0,
        "f1": 0.0,
        "support": 5
      },
      "22": {
        "precision": 0.4186046511627907,
        "recall": 0.6923076923076923,
        "f1": 0.5217391304347826,
        "support": 26
      }
    },
    "zero_support_classes": [],
    "confusion_matrix": [
      [
        0,
        0,
        0,
        0,
        0,
        0,
        0,
        0,
        0,
        0,
        2,
        3,
        1,
        0,
        0,
        0,
        2,
        0,
        0,
        0,
        0,
        0,
        0
      ],
      [
        0,
        123,
        0,
        0,
        0,
        0,
        0,
        1,
        0,
        0,
        0,
        0,
        0,
        0,
        0,
        0,
        0,
        0,
        0,
        0,
        4,
        0,
        1
      ],
      [
        0,
        5,
        215,
        0,
        0,
        0,
        0,
        9,
        0,
        0,
        0,
        0,
        0,
        0,
        0,
        0,
        0,
        0,
        0,
        0,
        0,
        0,
        0
      ],
      [
        0,
        0,
        0,
        185,
        9,
        0,
        0,
        0,
        1,
        0,
        0,
        0,
        0,
        5,
        0,
        0,
        0,
        0,
        0,
        0,
        0,
        0,
        0
      ],
      [
        0,
        1,
        0,
        33,
        159,
        0,
        0,
        0,
        3,
        0,
        0,
        0,
        0,
        1,
        0,
        0,
        0,
        0,
        0,
        0,
        0,
        0,
        0
      ],
      [
        0,
        0,
        0,
        0,
        0,
        0,
        0,
        0,
        0,
        0,
        0,
        0,
        0,
        0,
        1,
        0,
        0,
        0,
        0,
        0,
        0,
        0,
        0
      ],
      [
        0,
        0,
        0,
        0,
        0,
        0,
        0,
        0,
        1,
        0,
        0,
        0,
        0,
        0,
        0,
        0,
        0,
        0,
        0,
        0,
        0,
        0,
        0
      ],
      [
        0,
        0,
        0,
        0,
        0,
        0,
        0,
        26,
        0,
        0,
        0,
        0,
        0,
        0,
        0,
        0,
        0,
        0,
        0,
        0,
        0,
        0,
        0
      ],
      [
        0,
        2,
        0,
        0,
        0,
        0,
        0,
        0,
        194,
        0,
        0,
        0,
        0,
        3,
        0,
        0,
        0,
        0,
        2,
        0,
        0,
        0,
        0
      ],
      [
        0,
        0,
        0,
        0,
        0,
        0,
        0,
        0,
        1,
        190,
        0,
        0,
        0,
        6,
        0,
        1,
        0,
        0,
        1,
        0,
        0,
        0,
        0
      ],
      [
        4,
        0,
        0,
        0,
        0,
        0,
        0,
        0,
        0,
        0,
        144,
        31,
        1,
        0,
        0,
        0,
        6,
        0,
        0,
        0,
        0,
        0,
        0
      ],
      [
        2,
        0,
        0,
        0,
        0,
        0,
        0,
        0,
        0,
        0,
        23,
        35,
        15,
        1,
        0,
        1,
        3,
        0,
        0,
        0,
        0,
        0,
        0
      ],
      [
        1,
        0,
        0,
        0,
        0,
        0,
        0,
        0,
        0,
        1,
        2,
        11,
        36,
        0,
        0,
        1,
        0,
        0,
        0,
        0,
        0,
        0,
        0
      ],
      [
        0,
        0,
        0,
        0,
        0,
        0,
        0,
        0,
        6,
        0,
        0,
        0,
        0,
        197,
        0,
        0,
        0,
        0,
        1,
        0,
        1,
        0,
        0
      ],
      [
        0,
        0,
        0,
        0,
        0,
        2,
        0,
        0,
        0,
        0,
        0,
        0,
        0,
        1,
        74,
        0,
        0,
        1,
        0,
        0,
        0,
        0,
        0
      ],
      [
        0,
        0,
        0,
        0,
        0,
        0,
        0,
        0,
        0,
        0,
        0,
        0,
        0,
        0,
        0,
        152,
        0,
        0,
        0,
        0,
        0,
        0,
        0
      ],
