{
  "experiment": "15_triple_gmu_finetune_wide_official",
  "folds_used": [
    0,
    1,
    2,
    3,
    4
  ],
  "metric": "macro_f1",
  "point_estimate": 0.5690446144180962,
  "ci_low": 0.5579836230003069,
  "ci_high": 0.581280352610882,
  "n_bootstrap": 1000,
  "ci": 0.95,
  "n_samples": 10662
}