{
  "experiment": "10_triple_concat_finetune_wide_official",
  "folds_used": [
    0,
    1,
    2,
    3,
    4
  ],
  "metric": "macro_f1",
  "point_estimate": 0.5708151605776667,
  "ci_low": 0.5617568226030378,
  "ci_high": 0.5798838701632654,
  "n_bootstrap": 1000,
  "ci": 0.95,
  "n_samples": 10662
}