{
  "experiment": "13_single_efficientnetb0_finetune_wide_official",
  "folds_used": [
    0,
    1,
    2,
    3,
    4
  ],
  "metric": "macro_f1",
  "point_estimate": 0.5730269888437491,
  "ci_low": 0.5596290293052909,
  "ci_high": 0.5873269072666815,
  "n_bootstrap": 1000,
  "ci": 0.95,
  "n_samples": 10662
}