{
  "experiment": "14_pair_m_e_finetune_wide_official",
  "folds_used": [
    0,
    1,
    2,
    3,
    4
  ],
  "folds_missing": [],
  "n_folds": 5,
  "accuracy": {
    "mean": 0.8481633251163828,
    "std": 0.00712412062417535,
    "per_fold": [
      0.83836,
      0.854854,
      0.844015,
      0.857681,
      0.845906
    ]
  },
  "macro_f1": {
    "mean": 0.5669664061279713,
    "std": 0.008912222105316248,
    "per_fold": [
      0.552185,
      0.573082,
      0.576381,
      0.571708,
      0.561477
    ]
  },
  "macro_precision": {
    "mean": 0.5672022213045177,
    "std": 0.00944060179789201,
    "per_fold": [
      0.562675,
      0.567968,
      0.580219,
      0.572876,
      0.552272
    ]
  },
  "macro_recall": {
    "mean": 0.5956333045494813,
    "std": 0.016301788468010923,
    "per_fold": [
      0.57367,
      0.598432,
      0.623793,
      0.59273,
      0.589541
    ]
  }
}