{
  "experiment": "16_triple_weighted_finetune_focal_official",
  "folds_used": [
    0,
    1,
    2,
    3,
    4
  ],
  "folds_missing": [],
  "n_folds": 5,
  "accuracy": {
    "mean": 0.8602851625803017,
    "std": 0.011457456675087326,
    "per_fold": [
      0.858153,
      0.866635,
      0.86475,
      0.839303,
      0.872585
    ]
  },
  "macro_f1": {
    "mean": 0.5802885494653959,
    "std": 0.009519211117061756,
    "per_fold": [
      0.577668,
      0.584716,
      0.568701,
      0.574122,
      0.596236
    ]
  },
  "macro_precision": {
    "mean": 0.5764560137215884,
    "std": 0.006982732734127089,
    "per_fold": [
      0.577761,
      0.575206,
      0.565653,
      0.576082,
      0.587578
    ]
  },
  "macro_recall": {
    "mean": 0.6061551355289333,
    "std": 0.010486746947240106,
    "per_fold": [
      0.596094,
      0.613794,
      0.59108,
      0.617136,
      0.612671
    ]
  }
}