{
  "experiment": "13_single_efficientnetb0_finetune_wide_official",
  "folds_used": [
    0,
    1,
    2,
    3,
    4
  ],
  "folds_missing": [],
  "n_folds": 5,
  "accuracy": {
    "mean": 0.8483784456350303,
    "std": 0.009985519756910963,
    "per_fold": [
      0.835533,
      0.860509,
      0.84213,
      0.844015,
      0.859706
    ]
  },
  "macro_f1": {
    "mean": 0.5689785208082007,
    "std": 0.015826195383695313,
    "per_fold": [
      0.553864,
      0.598068,
      0.559424,
      0.560578,
      0.572958
    ]
  },
  "macro_precision": {
    "mean": 0.5699995049346901,
    "std": 0.009589854161963654,
    "per_fold": [
      0.569118,
      0.584907,
      0.558191,
      0.562002,
      0.57578
    ]
  },
  "macro_recall": {
    "mean": 0.590561805220909,
    "std": 0.030516969780600235,
    "per_fold": [
      0.571581,
      0.65116,
      0.574212,
      0.5736,
      0.582255
    ]
  }
}