{
  "experiment": "15_triple_gmu_finetune_wide_official",
  "folds_used": [
    0,
    1,
    2,
    3,
    4
  ],
  "folds_missing": [],
  "n_folds": 5,
  "accuracy": {
    "mean": 0.8480330042217726,
    "std": 0.006346640638700538,
    "per_fold": [
      0.84967,
      0.839303,
      0.855796,
      0.84213,
      0.853266
    ]
  },
  "macro_f1": {
    "mean": 0.5672336756660448,
    "std": 0.004899934490575704,
    "per_fold": [
      0.564491,
      0.562492,
      0.570471,
      0.563418,
      0.575296
    ]
  },
  "macro_precision": {
    "mean": 0.5621867096362001,
    "std": 0.003699423964796721,
    "per_fold": [
      0.564253,
      0.555481,
      0.562443,
      0.562196,
      0.56656
    ]
  },
  "macro_recall": {
    "mean": 0.5859710023120319,
    "std": 0.008006344161475512,
    "per_fold": [
      0.574608,
      0.585064,
      0.59085,
      0.581316,
      0.598017
    ]
  }
}