{
  "experiment": "10_triple_concat_finetune_wide_official",
  "folds_used": [
    0,
    1,
    2,
    3,
    4
  ],
  "folds_missing": [],
  "n_folds": 5,
  "accuracy": {
    "mean": 0.8579541266982684,
    "std": 0.012201018477644583,
    "per_fold": [
      0.878417,
      0.860509,
      0.859566,
      0.843073,
      0.848206
    ]
  },
  "macro_f1": {
    "mean": 0.5690745757294442,
    "std": 0.006429073688004111,
    "per_fold": [
      0.579628,
      0.570872,
      0.569913,
      0.561001,
      0.563958
    ]
  },
  "macro_precision": {
    "mean": 0.5682266430840677,
    "std": 0.007446286536637802,
    "per_fold": [
      0.581323,
      0.570944,
      0.563508,
      0.565376,
      0.559983
    ]
  },
  "macro_recall": {
    "mean": 0.5842401549199046,
    "std": 0.005603142343139841,
    "per_fold": [
      0.589295,
      0.589727,
      0.585923,
      0.581576,
      0.57468
    ]
  }
}