{
  "experiment": "11_triple_weighted_finetune_wide_official",
  "folds_used": [
    0,
    1,
    2,
    3,
    4
  ],
  "folds_missing": [],
  "n_folds": 5,
  "accuracy": {
    "mean": 0.8705584896302547,
    "std": 0.004171951115230872,
    "per_fold": [
      0.86852,
      0.863336,
      0.874647,
      0.873704,
      0.872585
    ]
  },
  "macro_f1": {
    "mean": 0.5891741861301012,
    "std": 0.010248968908753304,
    "per_fold": [
      0.575102,
      0.601422,
      0.582919,
      0.585954,
      0.600473
    ]
  },
  "macro_precision": {
    "mean": 0.5919971798180856,
    "std": 0.012355569006285984,
    "per_fold": [
      0.57374,
      0.598317,
      0.590746,
      0.586314,
      0.610869
    ]
  },
  "macro_recall": {
    "mean": 0.6095989693039059,
    "std": 0.019485185298799255,
    "per_fold": [
      0.597617,
      0.646674,
      0.592894,
      0.599662,
      0.611148
    ]
  }
}