{
  "accuracy": 0.8764772087788407,
  "micro_f1": 0.8764772087788407,
  "macro_precision": 0.6162107325050327,
  "macro_recall": 0.6158471146535972,
  "macro_f1": 0.6075114385647429,
  "weighted_precision": 0.8791934742735907,
  "weighted_recall": 0.8764772087788407,
  "weighted_f1": 0.8761300143393901,
  "mcc": 0.86623773603382,
  "experiment": "11_triple_weighted_finetune_wide_official",
  "folds_used": [
    0,
    1,
    2,
    3,
    4
  ],
  "n_samples": 10662,
  "predictions_file": "predictions_tta.npz"
}