{
  "accuracy": 0.8579065841305571,
  "micro_f1": 0.8579065841305571,
  "macro_precision": 0.5648073721735973,
  "macro_recall": 0.5842881378399807,
  "macro_f1": 0.5708151605776667,
  "weighted_precision": 0.8687471867555178,
  "weighted_recall": 0.8579065841305571,
  "weighted_f1": 0.8612692146919808,
  "mcc": 0.8463728686107939,
  "experiment": "10_triple_concat_finetune_wide_official",
  "folds_used": [
    0,
    1,
    2,
    3,
    4
  ],
  "n_samples": 10662
}