{
  "accuracy": 0.8481523166385293,
  "micro_f1": 0.8481523166385293,
  "macro_precision": 0.5674111369008503,
  "macro_recall": 0.5946205063445673,
  "macro_f1": 0.5759293023181461,
  "weighted_precision": 0.861051726475821,
  "weighted_recall": 0.8481523166385293,
  "weighted_f1": 0.852248420989059,
  "mcc": 0.8359162523658973,
  "cohen_kappa": 0.8356268360095784,
  "auc_macro_ovr": null,
  "experiment": "14_pair_m_e_finetune_wide_official",
  "folds_used": [
    0,
    1,
    2,
    3,
    4
  ],
  "n_samples": 10662,
  "predictions_file": "predictions.npz"
}