{
  "experiment_id": "16_triple_weighted_finetune_focal_official",
  "fold": 0,
  "device": "cuda",
  "best_val_macro_f1": 0.6139573128274639,
  "test": {
    "accuracy": 0.8581526861451461,
    "macro_precision": 0.5777606292236199,
    "macro_recall": 0.5960942898103266,
    "macro_f1": 0.5776684073585097,
    "per_class": {
      "0": {
        "precision": 0.09090909090909091,
        "recall": 0.125,
        "f1": 0.10526315789473684,
        "support": 8
      },
      "1": {
        "precision": 0.968503937007874,
        "recall": 0.9534883720930233,
        "f1": 0.9609375,
        "support": 129
      },
      "2": {
        "precision": 0.9909502262443439,
        "recall": 0.9563318777292577,
        "f1": 0.9733333333333334,
        "support": 229
      },
      "3": {
        "precision": 0.8952879581151832,
        "recall": 0.855,
        "f1": 0.8746803069053708,
        "support": 200
      },
      "4": {
        "precision": 0.8693467336683417,
        "recall": 0.8781725888324873,
        "f1": 0.8737373737373737,
        "support": 197
      },
      "5": {
        "precision": 0.0,
        "recall": 0.0,
        "f1": 0.0,
        "support": 1
      },
      "6": {
        "precision": 0.0,
        "recall": 0.0,
        "f1": 0.0,
        "support": 1
      },
      "7": {
        "precision": 0.7222222222222222,
        "recall": 1.0,
        "f1": 0.8387096774193549,
        "support": 26
      },
      "8": {
        "precision": 0.9292452830188679,
        "recall": 0.9800995024875622,
        "f1": 0.9539951573849879,
        "support": 201
      },
      "9": {
        "precision": 0.9516908212560387,
        "recall": 0.9899497487437185,
        "f1": 0.9704433497536946,
        "support": 199
      },
      "10": {
        "precision": 0.8121546961325967,
        "recall": 0.7903225806451613,
        "f1": 0.8010899182561307,
        "support": 186
      },
      "11": {
        "precision": 0.4852941176470588,
        "recall": 0.4125,
        "f1": 0.44594594594594594,
        "support": 80
      },
      "12": {
        "precision": 0.5970149253731343,
        "recall": 0.7692307692307693,
        "f1": 0.6722689075630253,
        "support": 52
      },
      "13": {
        "precision": 0.9897435897435898,
        "recall": 0.9414634146341463,
        "f1": 0.965,
        "support": 205
      },
      "14": {
        "precision": 0.9629629629629629,
        "recall": 1.0,
        "f1": 0.9811320754716981,
        "support": 78
      },
      "15": {
        "precision": 0.9867549668874173,
        "recall": 0.9802631578947368,
        "f1": 0.9834983498349835,
        "support": 152
      },
      "16": {
        "precision": 0.125,
        "recall": 0.1,
        "f1": 0.1111111111111111,
        "support": 10
      },
      "17": {
        "precision": 0.3333333333333333,
        "recall": 0.14285714285714285,
        "f1": 0.2,
        "support": 7
      },
      "18": {
        "precision": 0.4032258064516129,
        "recall": 0.625,
        "f1": 0.49019607843137253,
        "support": 40
      },
      "19": {
        "precision": 0.0,
        "recall": 0.0,
        "f1": 0.0,
        "support": 2
      },
      "20": {
        "precision": 0.6222222222222222,
        "recall": 0.3181818181818182,
        "f1": 0.42105263157894735,
        "support": 88
      },
      "21": {
        "precision": 0.05263157894736842,
        "recall": 0.2,
        "f1": 0.08333333333333333,
        "support": 5
      },
      "22": {
        "precision": 0.5,
        "recall": 0.6923076923076923,
        "f1": 0.5806451612903226,
        "support": 26
      }
    },
    "zero_support_classes": [],
    "confusion_matrix": [
      [
        1,
        0,
        0,
        0,
        0,
        0,
        0,
        0,
        0,
        0,
        2,
        0,
        3,
        0,
        0,
        0,
        2,
        0,
        0,
        0,
        0,
        0,
        0
      ],
      [
        0,
        123,
        0,
        0,
        0,
        0,
        0,
        1,
        0,
        0,
        0,
        0,
        0,
        0,
        0,
        0,
        0,
        0,
        0,
        0,
        3,
        1,
        1
      ],
      [
        0,
        1,
        219,
        0,
        0,
        0,
        0,
        9,
        0,
        0,
        0,
        0,
        0,
        0,
        0,
        0,
        0,
        0,
        0,
        0,
        0,
        0,
        0
      ],
      [
        0,
        0,
        0,
        171,
        26,
        0,
        0,
        0,
        2,
        0,
        0,
        0,
        0,
        0,
        1,
        0,
        0,
        0,
        0,
        0,
        0,
        0,
        0
      ],
      [
        0,
        1,
        0,
        20,
        173,
        0,
        0,
        0,
        3,
        0,
        0,
        0,
        0,
        0,
        0,
        0,
        0,
        0,
        0,
        0,
        0,
        0,
        0
      ],
      [
        0,
        0,
        0,
        0,
        0,
        0,
        0,
        0,
        0,
        0,
        0,
        0,
        0,
        0,
        1,
        0,
        0,
        0,
        0,
        0,
        0,
        0,
        0
      ],
      [
        0,
        0,
        0,
        0,
        0,
        0,
        0,
        0,
        1,
        0,
        0,
        0,
        0,
        0,
        0,
        0,
        0,
        0,
        0,
        0,
        0,
        0,
        0
      ],
      [
        0,
        0,
        0,
        0,
        0,
        0,
        0,
        26,
        0,
        0,
        0,
        0,
        0,
        0,
        0,
        0,
        0,
        0,
        0,
        0,
        0,
        0,
        0
      ],
      [
        0,
        1,
        0,
        0,
        0,
        0,
        0,
        0,
        197,
        0,
        0,
        0,
        0,
        1,
        0,
        0,
        0,
        0,
        1,
        0,
        1,
        0,
        0
      ],
      [
        0,
        0,
        0,
        0,
        0,
        0,
        0,
        0,
        0,
        197,
        0,
        0,
        0,
        0,
        0,
        1,
        0,
        0,
        0,
        0,
        0,
        1,
        0
      ],
      [
        8,
        0,
        0,
        0,
        0,
        0,
        0,
        0,
        0,
        0,
        147,
        26,
        1,
        0,
        0,
        0,
        4,
        0,
        0,
        0,
        0,
        0,
        0
      ],
      [
        2,
        0,
        0,
        0,
        0,
        0,
        0,
        0,
        0,
        0,
        26,
        33,
        18,
        0,
        0,
        1,
        0,
        0,
        0,
        0,
        0,
        0,
        0
      ],
      [
        0,
        0,
        0,
        0,
        0,
        0,
        0,
        0,
        0,
        1,
        3,
        7,
        40,
        0,
        0,
        0,
        1,
        0,
        0,
        0,
        0,
        0,
        0
      ],
      [
        0,
        0,
        0,
        0,
        0,
        0,
        0,
        0,
        5,
        6,
        0,
        0,
        0,
        193,
        0,
        0,
        0,
        0,
        1,
        0,
        0,
        0,
        0
      ],
      [
        0,
        0,
        0,
        0,
        0,
        0,
        0,
        0,
        0,
        0,
        0,
        0,
        0,
        0,
        78,
        0,
        0,
        0,
        0,
        0,
        0,
        0,
        0
      ],
      [
        0,
        0,
        0,
        0,
        0,
        0,
        0,
        0,
        0,
        3,
        0,
        0,
        0,
        0,
        0,
        149,
        0,
        0,
        0,
