{
  "experiment_id": "14_pair_m_e_finetune_wide_official",
  "fold": 0,
  "device": "cuda",
  "best_val_macro_f1": 0.6014752390056962,
  "test": {
    "accuracy": 0.8383600377002828,
    "macro_precision": 0.5626748353155054,
    "macro_recall": 0.5736700581986849,
    "macro_f1": 0.5521849837364409,
    "per_class": {
      "0": {
        "precision": 0.0,
        "recall": 0.0,
        "f1": 0.0,
        "support": 8
      },
      "1": {
        "precision": 0.9389312977099237,
        "recall": 0.9534883720930233,
        "f1": 0.9461538461538461,
        "support": 129
      },
      "2": {
        "precision": 0.9865470852017937,
        "recall": 0.9606986899563319,
        "f1": 0.9734513274336283,
        "support": 229
      },
      "3": {
        "precision": 0.8558139534883721,
        "recall": 0.92,
        "f1": 0.8867469879518072,
        "support": 200
      },
      "4": {
        "precision": 0.9314285714285714,
        "recall": 0.8274111675126904,
        "f1": 0.8763440860215054,
        "support": 197
      },
      "5": {
        "precision": 0.0,
        "recall": 0.0,
        "f1": 0.0,
        "support": 1
      },
      "6": {
        "precision": 0.0,
        "recall": 0.0,
        "f1": 0.0,
        "support": 1
      },
      "7": {
        "precision": 0.78125,
        "recall": 0.9615384615384616,
        "f1": 0.8620689655172413,
        "support": 26
      },
      "8": {
        "precision": 0.9504950495049505,
        "recall": 0.9552238805970149,
        "f1": 0.9528535980148883,
        "support": 201
      },
      "9": {
        "precision": 0.9707317073170731,
        "recall": 1.0,
        "f1": 0.9851485148514851,
        "support": 199
      },
      "10": {
        "precision": 0.8515625,
        "recall": 0.5860215053763441,
        "f1": 0.6942675159235668,
        "support": 186
      },
      "11": {
        "precision": 0.32450331125827814,
        "recall": 0.6125,
        "f1": 0.42424242424242425,
        "support": 80
      },
      "12": {
        "precision": 0.6857142857142857,
        "recall": 0.46153846153846156,
        "f1": 0.5517241379310345,
        "support": 52
      },
      "13": {
        "precision": 0.9842105263157894,
        "recall": 0.9121951219512195,
        "f1": 0.9468354430379747,
        "support": 205
      },
      "14": {
        "precision": 0.975,
        "recall": 1.0,
        "f1": 0.9873417721518988,
        "support": 78
      },
      "15": {
        "precision": 0.9805194805194806,
        "recall": 0.993421052631579,
        "f1": 0.9869281045751634,
        "support": 152
      },
      "16": {
        "precision": 0.06666666666666667,
        "recall": 0.1,
        "f1": 0.08,
        "support": 10
      },
      "17": {
        "precision": 0.16666666666666666,
        "recall": 0.14285714285714285,
        "f1": 0.15384615384615385,
        "support": 7
      },
      "18": {
        "precision": 0.3888888888888889,
        "recall": 0.7,
        "f1": 0.5,
        "support": 40
      },
      "19": {
        "precision": 0.0,
        "recall": 0.0,
        "f1": 0.0,
        "support": 2
      },
      "20": {
        "precision": 0.7419354838709677,
        "recall": 0.26136363636363635,
        "f1": 0.3865546218487395,
        "support": 88
      },
      "21": {
        "precision": 0.0,
        "recall": 0.0,
        "f1": 0.0,
        "support": 5
      },
      "22": {
        "precision": 0.36065573770491804,
        "recall": 0.8461538461538461,
        "f1": 0.5057471264367817,
        "support": 26
      }
    },
    "zero_support_classes": [],
    "confusion_matrix": [
      [
        0,
        0,
        0,
        0,
        0,
        0,
        0,
        0,
        0,
        0,
        0,
        5,
        1,
        0,
        0,
        0,
        2,
        0,
        0,
        0,
        0,
        0,
        0
      ],
      [
        0,
        123,
        1,
        0,
        0,
        0,
        0,
        0,
        0,
        0,
        0,
        0,
        0,
        0,
        0,
        0,
        0,
        0,
        1,
        0,
        1,
        1,
        2
      ],
      [
        0,
        2,
        220,
        0,
        0,
        0,
        0,
        7,
        0,
        0,
        0,
        0,
        0,
        0,
        0,
        0,
        0,
        0,
        0,
        0,
        0,
        0,
        0
      ],
      [
        0,
        0,
        0,
        184,
        12,
        0,
        0,
        0,
        0,
        1,
        0,
        0,
        0,
        2,
        0,
        1,
        0,
        0,
        0,
        0,
        0,
        0,
        0
      ],
      [
        0,
        1,
        0,
        31,
        163,
        0,
        0,
        0,
        1,
        0,
        0,
        0,
        0,
        0,
        0,
        0,
        0,
        0,
        1,
        0,
        0,
        0,
        0
      ],
      [
        0,
        0,
        0,
        0,
        0,
        0,
        0,
        0,
        0,
        0,
        0,
        0,
        0,
        0,
        1,
        0,
        0,
        0,
        0,
        0,
        0,
        0,
        0
      ],
      [
        0,
        0,
        0,
        0,
        0,
        0,
        0,
        0,
        1,
        0,
        0,
        0,
        0,
        0,
        0,
        0,
        0,
        0,
        0,
        0,
        0,
        0,
        0
      ],
      [
        0,
        0,
        1,
        0,
        0,
        0,
        0,
        25,
        0,
        0,
        0,
        0,
        0,
        0,
        0,
        0,
        0,
        0,
        0,
        0,
        0,
        0,
        0
      ],
      [
        0,
        3,
        0,
        0,
        0,
        0,
        0,
        0,
        192,
        0,
        0,
        0,
        0,
        1,
        0,
        0,
        0,
        0,
        4,
        0,
        1,
        0,
        0
      ],
      [
        0,
        0,
        0,
        0,
        0,
        0,
        0,
        0,
        0,
        199,
        0,
        0,
        0,
        0,
        0,
        0,
        0,
        0,
        0,
        0,
        0,
        0,
        0
      ],
      [
        2,
        0,
        0,
        0,
        0,
        0,
        0,
        0,
        0,
        0,
        109,
        68,
        1,
        0,
        0,
        0,
        6,
        0,
        0,
        0,
        0,
        0,
        0
      ],
      [
        3,
        0,
        0,
        0,
        0,
        0,
        0,
        0,
        0,
        0,
        16,
        49,
        8,
        0,
        0,
        0,
        4,
        0,
        0,
        0,
        0,
        0,
        0
      ],
      [
        0,
        0,
        0,
        0,
        0,
        0,
        0,
        0,
        0,
        1,
        1,
        24,
        24,
        0,
        0,
        0,
        2,
        0,
        0,
        0,
        0,
        0,
        0
      ],
      [
        0,
        0,
        0,
        0,
        0,
        0,
        0,
        0,
        7,
        3,
        0,
        0,
        0,
        187,
        1,
        2,
        0,
        1,
        4,
        0,
        0,
        0,
        0
      ],
      [
        0,
        0,
        0,
        0,
        0,
        0,
        0,
        0,
        0,
        0,
        0,
        0,
        0,
        0,
        78,
        0,
        0,
        0,
        0,
        0,
        0,
        0,
        0
      ],
      [
        0,
        0,
        0,
        0,
        0,
        0,
        0,
        0,
        0,
        1,
        0,
        0,
        0,
        0,
        0,
        151,
        0,
        0,
        0,
        0,
        0,
        0,
        0
      ],
      [
        1,
