{
  "experiment_id": "14_pair_m_e_finetune_wide_official",
  "fold": 4,
  "device": "cuda",
  "best_val_macro_f1": 0.5793185295597222,
  "test": {
    "accuracy": 0.8459061637534498,
    "macro_precision": 0.5522724243377993,
    "macro_recall": 0.5895409181853938,
    "macro_f1": 0.561476588479305,
    "per_class": {
      "0": {
        "precision": 0.0,
        "recall": 0.0,
        "f1": 0.0,
        "support": 9
      },
      "1": {
        "precision": 0.9769230769230769,
        "recall": 0.9769230769230769,
        "f1": 0.9769230769230769,
        "support": 130
      },
      "2": {
        "precision": 0.9867256637168141,
        "recall": 0.9612068965517241,
        "f1": 0.9737991266375546,
        "support": 232
      },
      "3": {
        "precision": 0.8823529411764706,
        "recall": 0.8910891089108911,
        "f1": 0.8866995073891626,
        "support": 202
      },
      "4": {
        "precision": 0.9030612244897959,
        "recall": 0.8805970149253731,
        "f1": 0.8916876574307305,
        "support": 201
      },
      "5": {
        "precision": 0.0,
        "recall": 0.0,
        "f1": 0.0,
        "support": 2
      },
      "6": {
        "precision": 0.0,
        "recall": 0.0,
        "f1": 0.0,
        "support": 5
      },
      "7": {
        "precision": 0.75,
        "recall": 1.0,
        "f1": 0.8571428571428571,
        "support": 27
      },
      "8": {
        "precision": 0.9252336448598131,
        "recall": 0.9658536585365853,
        "f1": 0.9451073985680191,
        "support": 205
      },
      "9": {
        "precision": 0.9759615384615384,
        "recall": 1.0,
        "f1": 0.9878345498783455,
        "support": 203
      },
      "10": {
        "precision": 0.813953488372093,
        "recall": 0.7446808510638298,
        "f1": 0.7777777777777778,
        "support": 188
      },
      "11": {
        "precision": 0.4657534246575342,
        "recall": 0.40963855421686746,
        "f1": 0.4358974358974359,
        "support": 83
      },
      "12": {
        "precision": 0.6724137931034483,
        "recall": 0.75,
        "f1": 0.7090909090909091,
        "support": 52
      },
      "13": {
        "precision": 1.0,
        "recall": 0.8125,
        "f1": 0.896551724137931,
        "support": 208
      },
      "14": {
        "precision": 0.875,
        "recall": 0.9746835443037974,
        "f1": 0.9221556886227545,
        "support": 79
      },
      "15": {
        "precision": 0.9807692307692307,
        "recall": 0.9807692307692307,
        "f1": 0.9807692307692307,
        "support": 156
      },
      "16": {
        "precision": 0.16666666666666666,
        "recall": 0.46153846153846156,
        "f1": 0.24489795918367346,
        "support": 13
      },
      "17": {
        "precision": 0.0,
        "recall": 0.0,
        "f1": 0.0,
        "support": 7
      },
      "18": {
        "precision": 0.31645569620253167,
        "recall": 0.6097560975609756,
        "f1": 0.4166666666666667,
        "support": 41
      },
      "19": {
        "precision": 0.0,
        "recall": 0.0,
        "f1": 0.0,
        "support": 3
      },
      "20": {
        "precision": 0.640625,
        "recall": 0.45054945054945056,
        "f1": 0.5290322580645161,
        "support": 91
      },
      "21": {
        "precision": 0.0,
        "recall": 0.0,
        "f1": 0.0,
        "support": 8
      },
      "22": {
        "precision": 0.37037037037037035,
        "recall": 0.6896551724137931,
        "f1": 0.4819277108433735,
        "support": 29
      }
    },
    "zero_support_classes": [],
    "confusion_matrix": [
      [
        0,
        0,
        0,
        0,
        0,
        0,
        0,
        0,
        0,
        0,
        4,
        1,
        1,
        0,
        0,
        0,
        3,
        0,
        0,
        0,
        0,
        0,
        0
      ],
      [
        0,
        127,
        1,
        0,
        0,
        0,
        0,
        0,
        0,
        0,
        0,
        0,
        0,
        0,
        0,
        0,
        0,
        0,
        0,
        0,
        1,
        0,
        1
      ],
      [
        0,
        1,
        223,
        0,
        0,
        0,
        0,
        8,
        0,
        0,
        0,
        0,
        0,
        0,
        0,
        0,
        0,
        0,
        0,
        0,
        0,
        0,
        0
      ],
      [
        0,
        0,
        0,
        180,
        19,
        0,
        0,
        0,
        1,
        0,
        0,
        0,
        1,
        0,
        0,
        0,
        0,
        0,
        0,
        0,
        0,
        0,
        1
      ],
      [
        0,
        0,
        0,
        24,
        177,
        0,
        0,
        0,
        0,
        0,
        0,
        0,
        0,
        0,
        0,
        0,
        0,
        0,
        0,
        0,
        0,
        0,
        0
      ],
      [
        0,
        0,
        0,
        0,
        0,
        0,
        0,
        0,
        0,
        0,
        0,
        0,
        0,
        0,
        2,
        0,
        0,
        0,
        0,
        0,
        0,
        0,
        0
      ],
      [
        0,
        0,
        0,
        0,
        0,
        0,
        0,
        0,
        1,
        0,
        0,
        0,
        0,
        0,
        0,
        0,
        0,
        0,
        3,
        0,
        0,
        0,
        1
      ],
      [
        0,
        0,
        0,
        0,
        0,
        0,
        0,
        27,
        0,
        0,
        0,
        0,
        0,
        0,
        0,
        0,
        0,
        0,
        0,
        0,
        0,
        0,
        0
      ],
      [
        0,
        1,
        0,
        0,
        0,
        0,
        0,
        0,
        198,
        0,
        0,
        0,
        0,
        0,
        0,
        0,
        0,
        0,
        5,
        0,
        1,
        0,
        0
      ],
      [
        0,
        0,
        0,
        0,
        0,
        0,
        0,
        0,
        0,
        203,
        0,
        0,
        0,
        0,
        0,
        0,
        0,
        0,
        0,
        0,
        0,
        0,
        0
      ],
      [
        2,
        0,
        0,
        0,
        0,
        0,
        0,
        0,
        0,
        2,
        140,
        30,
        2,
        0,
        0,
        0,
        12,
        0,
        0,
        0,
        0,
        0,
        0
      ],
      [
        1,
        0,
        0,
        0,
        0,
        0,
        0,
        0,
        0,
        0,
        24,
        34,
        11,
        0,
        0,
        1,
        12,
        0,
        0,
        0,
        0,
        0,
        0
      ],
      [
        0,
        0,
        0,
        0,
        0,
        0,
        0,
        0,
        0,
        0,
        3,
        7,
        39,
        0,
        0,
        0,
        3,
        0,
        0,
        0,
        0,
        0,
        0
      ],
      [
        0,
        0,
        2,
        0,
        0,
        0,
        0,
        1,
        11,
        3,
        0,
        0,
        0,
        169,
        4,
        0,
        0,
        0,
        11,
        1,
        1,
        1,
        4
      ],
      [
        0,
        0,
        0,
        0,
        0,
        0,
        0,
        0,
        0,
        0,
        0,
        0,
        0,
        0,
        77,
        2,
        0,
        0,
        0,
        0,
        0,
        0,
        0
      ],
      [
        0,
        0,
        0,
        0,
        0,
        0,
        0,
        0,
        0,
        0,
        0,
        0,
        0,
        0,
        3,
        153,
        0,
        0,
        0,
        0,
        0,
        0,
        0
      ],
      [
        1,
