{
  "experiment_id": "16_triple_weighted_finetune_focal_official",
  "fold": 2,
  "device": "cuda",
  "best_val_macro_f1": 0.5933479683494017,
  "test": {
    "accuracy": 0.8647502356267672,
    "macro_precision": 0.5656534965662214,
    "macro_recall": 0.5910804002414176,
    "macro_f1": 0.568700925178985,
    "per_class": {
      "0": {
        "precision": 0.25,
        "recall": 0.25,
        "f1": 0.25,
        "support": 8
      },
      "1": {
        "precision": 0.984251968503937,
        "recall": 0.9689922480620154,
        "f1": 0.9765625,
        "support": 129
      },
      "2": {
        "precision": 1.0,
        "recall": 0.9344978165938864,
        "f1": 0.9661399548532731,
        "support": 229
      },
      "3": {
        "precision": 0.895,
        "recall": 0.895,
        "f1": 0.895,
        "support": 200
      },
      "4": {
        "precision": 0.8910891089108911,
        "recall": 0.9137055837563451,
        "f1": 0.9022556390977443,
        "support": 197
      },
      "5": {
        "precision": 0.0,
        "recall": 0.0,
        "f1": 0.0,
        "support": 1
      },
      "6": {
        "precision": 0.0,
        "recall": 0.0,
        "f1": 0.0,
        "support": 1
      },
      "7": {
        "precision": 0.6666666666666666,
        "recall": 1.0,
        "f1": 0.8,
        "support": 26
      },
      "8": {
        "precision": 0.9701492537313433,
        "recall": 0.9701492537313433,
        "f1": 0.9701492537313433,
        "support": 201
      },
      "9": {
        "precision": 0.9850746268656716,
        "recall": 0.9949748743718593,
        "f1": 0.99,
        "support": 199
      },
      "10": {
        "precision": 0.8540540540540541,
        "recall": 0.8494623655913979,
        "f1": 0.8517520215633423,
        "support": 186
      },
      "11": {
        "precision": 0.4827586206896552,
        "recall": 0.175,
        "f1": 0.25688073394495414,
        "support": 80
      },
      "12": {
        "precision": 0.44036697247706424,
        "recall": 0.9230769230769231,
        "f1": 0.5962732919254659,
        "support": 52
      },
      "13": {
        "precision": 0.9521276595744681,
        "recall": 0.8731707317073171,
        "f1": 0.910941475826972,
        "support": 205
      },
      "14": {
        "precision": 0.7916666666666666,
        "recall": 0.9743589743589743,
        "f1": 0.8735632183908046,
        "support": 78
      },
      "15": {
        "precision": 0.9866666666666667,
        "recall": 0.9736842105263158,
        "f1": 0.9801324503311258,
        "support": 152
      },
      "16": {
        "precision": 0.0,
        "recall": 0.0,
        "f1": 0.0,
        "support": 10
      },
      "17": {
        "precision": 0.0,
        "recall": 0.0,
        "f1": 0.0,
        "support": 7
      },
      "18": {
        "precision": 0.43137254901960786,
        "recall": 0.55,
        "f1": 0.4835164835164835,
        "support": 40
      },
      "19": {
        "precision": 0.0,
        "recall": 0.0,
        "f1": 0.0,
        "support": 2
      },
      "20": {
        "precision": 0.7391304347826086,
        "recall": 0.5795454545454546,
        "f1": 0.6496815286624203,
        "support": 88
      },
      "21": {
        "precision": 0.0,
        "recall": 0.0,
        "f1": 0.0,
        "support": 5
      },
      "22": {
        "precision": 0.6896551724137931,
        "recall": 0.7692307692307693,
        "f1": 0.7272727272727273,
        "support": 26
      }
    },
    "zero_support_classes": [],
    "confusion_matrix": [
      [
        2,
        0,
        0,
        0,
        0,
        0,
        0,
        0,
        0,
        0,
        1,
        0,
        5,
        0,
        0,
        0,
        0,
        0,
        0,
        0,
        0,
        0,
        0
      ],
      [
        0,
        125,
        0,
        0,
        1,
        0,
        0,
        0,
        1,
        0,
        0,
        0,
        0,
        0,
        0,
        0,
        0,
        0,
        1,
        0,
        0,
        0,
        1
      ],
      [
        0,
        2,
        214,
        0,
        0,
        0,
        0,
        13,
        0,
        0,
        0,
        0,
        0,
        0,
        0,
        0,
        0,
        0,
        0,
        0,
        0,
        0,
        0
      ],
      [
        0,
        0,
        0,
        179,
        21,
        0,
        0,
        0,
        0,
        0,
        0,
        0,
        0,
        0,
        0,
        0,
        0,
        0,
        0,
        0,
        0,
        0,
        0
      ],
      [
        0,
        0,
        0,
        17,
        180,
        0,
        0,
        0,
        0,
        0,
        0,
        0,
        0,
        0,
        0,
        0,
        0,
        0,
        0,
        0,
        0,
        0,
        0
      ],
      [
        0,
        0,
        0,
        0,
        0,
        0,
        0,
        0,
        0,
        0,
        0,
        0,
        0,
        0,
        1,
        0,
        0,
        0,
        0,
        0,
        0,
        0,
        0
      ],
      [
        0,
        0,
        0,
        0,
        0,
        0,
        0,
        0,
        0,
        0,
        0,
        0,
        0,
        1,
        0,
        0,
        0,
        0,
        0,
        0,
        0,
        0,
        0
      ],
      [
        0,
        0,
        0,
        0,
        0,
        0,
        0,
        26,
        0,
        0,
        0,
        0,
        0,
        0,
        0,
        0,
        0,
        0,
        0,
        0,
        0,
        0,
        0
      ],
      [
        0,
        0,
        0,
        0,
        0,
        0,
        0,
        0,
        195,
        0,
        0,
        0,
        0,
        0,
        0,
        0,
        0,
        1,
        4,
        0,
        1,
        0,
        0
      ],
      [
        0,
        0,
        0,
        0,
        0,
        0,
        0,
        0,
        0,
        198,
        0,
        0,
        0,
        0,
        0,
        1,
        0,
        0,
        0,
        0,
        0,
        0,
        0
      ],
      [
        1,
        0,
        0,
        0,
        0,
        0,
        0,
        0,
        0,
        0,
        158,
        12,
        11,
        0,
        0,
        0,
        4,
        0,
        0,
        0,
        0,
        0,
        0
      ],
      [
        2,
        0,
        0,
        0,
        0,
        0,
        0,
        0,
        0,
        0,
        23,
        14,
        39,
        0,
        0,
        0,
        2,
        0,
        0,
        0,
        0,
        0,
        0
      ],
      [
        1,
        0,
        0,
        0,
        0,
        0,
        0,
        0,
        0,
        0,
        1,
        1,
        48,
        0,
        0,
        0,
        1,
        0,
        0,
        0,
        0,
        0,
        0
      ],
      [
        0,
        0,
        0,
        4,
        0,
        0,
        0,
        0,
        2,
        3,
        0,
        0,
        1,
        179,
        12,
        1,
        0,
        0,
        1,
        0,
        1,
        1,
        0
      ],
      [
        0,
        0,
        0,
        0,
        0,
        1,
        0,
        0,
        0,
        0,
        0,
        0,
        0,
        0,
        76,
        0,
        0,
        0,
        0,
        0,
        1,
        0,
        0
      ],
      [
        0,
        0,
        0,
        0,
        0,
        0,
        0,
        0,
        0,
        0,
        0,
        0,
        0,
        0,
        4,
        148,
        0,
        0,
        0,
        0,
        0,
        0,
        0
      ],
      [
        2,
        0,
        0,
        0,
        0,
        0,
        0,
