{
  "experiment_id": "13_single_efficientnetb0_finetune_wide_official",
  "fold": 2,
  "device": "cuda",
  "best_val_macro_f1": 0.5873585133688196,
  "test": {
    "accuracy": 0.8421300659754948,
    "macro_precision": 0.558191051885571,
    "macro_recall": 0.5742123848719592,
    "macro_f1": 0.559423912945947,
    "per_class": {
      "0": {
        "precision": 0.0,
        "recall": 0.0,
        "f1": 0.0,
        "support": 8
      },
      "1": {
        "precision": 0.984251968503937,
        "recall": 0.9689922480620154,
        "f1": 0.9765625,
        "support": 129
      },
      "2": {
        "precision": 0.9908675799086758,
        "recall": 0.9475982532751092,
        "f1": 0.96875,
        "support": 229
      },
      "3": {
        "precision": 0.8347826086956521,
        "recall": 0.96,
        "f1": 0.8930232558139535,
        "support": 200
      },
      "4": {
        "precision": 0.9523809523809523,
        "recall": 0.8121827411167513,
        "f1": 0.8767123287671232,
        "support": 197
      },
      "5": {
        "precision": 0.0,
        "recall": 0.0,
        "f1": 0.0,
        "support": 1
      },
      "6": {
        "precision": 0.0,
        "recall": 0.0,
        "f1": 0.0,
        "support": 1
      },
      "7": {
        "precision": 0.7352941176470589,
        "recall": 0.9615384615384616,
        "f1": 0.8333333333333334,
        "support": 26
      },
      "8": {
        "precision": 0.9032258064516129,
        "recall": 0.9751243781094527,
        "f1": 0.937799043062201,
        "support": 201
      },
      "9": {
        "precision": 0.9658536585365853,
        "recall": 0.9949748743718593,
        "f1": 0.9801980198019802,
        "support": 199
      },
      "10": {
        "precision": 0.9090909090909091,
        "recall": 0.5913978494623656,
        "f1": 0.7166123778501629,
        "support": 186
      },
      "11": {
        "precision": 0.3560606060606061,
        "recall": 0.5875,
        "f1": 0.44339622641509435,
        "support": 80
      },
      "12": {
        "precision": 0.6666666666666666,
        "recall": 0.6538461538461539,
        "f1": 0.6601941747572816,
        "support": 52
      },
      "13": {
        "precision": 1.0,
        "recall": 0.8439024390243902,
        "f1": 0.9153439153439153,
        "support": 205
      },
      "14": {
        "precision": 0.7916666666666666,
        "recall": 0.9743589743589743,
        "f1": 0.8735632183908046,
        "support": 78
      },
      "15": {
        "precision": 0.9493670886075949,
        "recall": 0.9868421052631579,
        "f1": 0.967741935483871,
        "support": 152
      },
      "16": {
        "precision": 0.04,
        "recall": 0.1,
        "f1": 0.05714285714285714,
        "support": 10
      },
      "17": {
        "precision": 0.125,
        "recall": 0.14285714285714285,
        "f1": 0.13333333333333333,
        "support": 7
      },
      "18": {
        "precision": 0.36538461538461536,
        "recall": 0.475,
        "f1": 0.41304347826086957,
        "support": 40
      },
      "19": {
        "precision": 0.0,
        "recall": 0.0,
        "f1": 0.0,
        "support": 2
      },
      "20": {
        "precision": 0.7096774193548387,
        "recall": 0.5,
        "f1": 0.5866666666666667,
        "support": 88
      },
      "21": {
        "precision": 0.0,
        "recall": 0.0,
        "f1": 0.0,
        "support": 5
      },
      "22": {
        "precision": 0.5588235294117647,
        "recall": 0.7307692307692307,
        "f1": 0.6333333333333333,
        "support": 26
      }
    },
    "zero_support_classes": [],
    "confusion_matrix": [
      [
        0,
        0,
        0,
        0,
        0,
        0,
        0,
        0,
        0,
        0,
        1,
        4,
        1,
        0,
        0,
        0,
        2,
        0,
        0,
        0,
        0,
        0,
        0
      ],
      [
        0,
        125,
        0,
        0,
        0,
        0,
        0,
        0,
        2,
        0,
        0,
        0,
        0,
        0,
        0,
        0,
        0,
        0,
        1,
        0,
        0,
        0,
        1
      ],
      [
        0,
        2,
        217,
        0,
        0,
        0,
        0,
        9,
        0,
        0,
        0,
        0,
        0,
        0,
        0,
        0,
        0,
        0,
        0,
        0,
        1,
        0,
        0
      ],
      [
        0,
        0,
        0,
        192,
        8,
        0,
        0,
        0,
        0,
        0,
        0,
        0,
        0,
        0,
        0,
        0,
        0,
        0,
        0,
        0,
        0,
        0,
        0
      ],
      [
        0,
        0,
        0,
        36,
        160,
        0,
        0,
        0,
        0,
        0,
        0,
        0,
        0,
        0,
        1,
        0,
        0,
        0,
        0,
        0,
        0,
        0,
        0
      ],
      [
        0,
        0,
        0,
        0,
        0,
        0,
        0,
        0,
        0,
        0,
        0,
        0,
        0,
        0,
        1,
        0,
        0,
        0,
        0,
        0,
        0,
        0,
        0
      ],
      [
        0,
        0,
        0,
        0,
        0,
        0,
        0,
        0,
        0,
        0,
        0,
        0,
        0,
        0,
        0,
        0,
        0,
        0,
        1,
        0,
        0,
        0,
        0
      ],
      [
        0,
        0,
        1,
        0,
        0,
        0,
        0,
        25,
        0,
        0,
        0,
        0,
        0,
        0,
        0,
        0,
        0,
        0,
        0,
        0,
        0,
        0,
        0
      ],
      [
        0,
        0,
        0,
        0,
        0,
        0,
        0,
        0,
        196,
        0,
        0,
        0,
        0,
        0,
        0,
        0,
        0,
        0,
        3,
        0,
        2,
        0,
        0
      ],
      [
        0,
        0,
        0,
        0,
        0,
        0,
        0,
        0,
        0,
        198,
        0,
        1,
        0,
        0,
        0,
        0,
        0,
        0,
        0,
        0,
        0,
        0,
        0
      ],
      [
        0,
        0,
        0,
        0,
        0,
        0,
        0,
        0,
        0,
        1,
        110,
        60,
        2,
        0,
        0,
        1,
        12,
        0,
        0,
        0,
        0,
        0,
        0
      ],
      [
        1,
        0,
        0,
        0,
        0,
        0,
        0,
        0,
        0,
        0,
        8,
        47,
        13,
        0,
        0,
        2,
        9,
        0,
        0,
        0,
        0,
        0,
        0
      ],
      [
        1,
        0,
        0,
        0,
        0,
        0,
        0,
        0,
        0,
        0,
        2,
        13,
        34,
        0,
        0,
        1,
        1,
        0,
        0,
        0,
        0,
        0,
        0
      ],
      [
        0,
        0,
        0,
        2,
        0,
        0,
        0,
        0,
        7,
        4,
        0,
        0,
        0,
        173,
        11,
        2,
        0,
        1,
        3,
        0,
        1,
        0,
        1
      ],
      [
        0,
        0,
        0,
        0,
        0,
        0,
        0,
        0,
        0,
        0,
        0,
        0,
        0,
        0,
        76,
        1,
        0,
        0,
        1,
        0,
        0,
        0,
        0
      ],
      [
        0,
        0,
        0,
        0,
        0,
        0,
        0,
        0,
        0,
        0,
        0,
        0,
        0,
        0,
        2,
        150,
        0,
        0,
        0,
        0,
        0,
        0,
        0
