{
  "experiment_id": "10_triple_concat_finetune_wide_official",
  "fold": 3,
  "device": "cuda",
  "best_val_macro_f1": 0.5974020579317735,
  "test": {
    "accuracy": 0.8430725730442978,
    "macro_precision": 0.5653756920768085,
    "macro_recall": 0.5815758086657277,
    "macro_f1": 0.5610010612850673,
    "per_class": {
      "0": {
        "precision": 0.0,
        "recall": 0.0,
        "f1": 0.0,
        "support": 8
      },
      "1": {
        "precision": 1.0,
        "recall": 0.9767441860465116,
        "f1": 0.9882352941176471,
        "support": 129
      },
      "2": {
        "precision": 0.9908675799086758,
        "recall": 0.9475982532751092,
        "f1": 0.96875,
        "support": 229
      },
      "3": {
        "precision": 0.9532163742690059,
        "recall": 0.815,
        "f1": 0.8787061994609164,
        "support": 200
      },
      "4": {
        "precision": 0.8362831858407079,
        "recall": 0.9593908629441624,
        "f1": 0.8936170212765957,
        "support": 197
      },
      "5": {
        "precision": 0.0,
        "recall": 0.0,
        "f1": 0.0,
        "support": 1
      },
      "6": {
        "precision": 0.0,
        "recall": 0.0,
        "f1": 0.0,
        "support": 1
      },
      "7": {
        "precision": 0.6842105263157895,
        "recall": 1.0,
        "f1": 0.8125,
        "support": 26
      },
      "8": {
        "precision": 0.9299065420560748,
        "recall": 0.9900497512437811,
        "f1": 0.9590361445783132,
        "support": 201
      },
      "9": {
        "precision": 0.9896907216494846,
        "recall": 0.964824120603015,
        "f1": 0.9770992366412213,
        "support": 199
      },
      "10": {
        "precision": 0.9009009009009009,
        "recall": 0.5376344086021505,
        "f1": 0.6734006734006734,
        "support": 186
      },
      "11": {
        "precision": 0.3310810810810811,
        "recall": 0.6125,
        "f1": 0.4298245614035088,
        "support": 80
      },
      "12": {
        "precision": 0.7777777777777778,
        "recall": 0.6730769230769231,
        "f1": 0.7216494845360825,
        "support": 52
      },
      "13": {
        "precision": 0.9743589743589743,
        "recall": 0.926829268292683,
        "f1": 0.95,
        "support": 205
      },
      "14": {
        "precision": 0.96,
        "recall": 0.9230769230769231,
        "f1": 0.9411764705882353,
        "support": 78
      },
      "15": {
        "precision": 1.0,
        "recall": 0.9802631578947368,
        "f1": 0.9900332225913622,
        "support": 152
      },
      "16": {
        "precision": 0.05405405405405406,
        "recall": 0.2,
        "f1": 0.0851063829787234,
        "support": 10
      },
      "17": {
        "precision": 0.16666666666666666,
        "recall": 0.14285714285714285,
        "f1": 0.15384615384615385,
        "support": 7
      },
      "18": {
        "precision": 0.36231884057971014,
        "recall": 0.625,
        "f1": 0.45871559633027525,
        "support": 40
      },
      "19": {
        "precision": 0.0,
        "recall": 0.0,
        "f1": 0.0,
        "support": 2
      },
      "20": {
        "precision": 0.6923076923076923,
        "recall": 0.4090909090909091,
        "f1": 0.5142857142857142,
        "support": 88
      },
      "21": {
        "precision": 0.0,
        "recall": 0.0,
        "f1": 0.0,
        "support": 5
      },
      "22": {
        "precision": 0.4,
        "recall": 0.6923076923076923,
        "f1": 0.5070422535211268,
        "support": 26
      }
    },
    "zero_support_classes": [],
    "confusion_matrix": [
      [
        0,
        0,
        0,
        0,
        0,
        0,
        0,
        0,
        0,
        0,
        0,
        3,
        0,
        0,
        0,
        0,
        5,
        0,
        0,
        0,
        0,
        0,
        0
      ],
      [
        0,
        126,
        2,
        0,
        0,
        0,
        0,
        0,
        1,
        0,
        0,
        0,
        0,
        0,
        0,
        0,
        0,
        0,
        0,
        0,
        0,
        0,
        0
      ],
      [
        0,
        0,
        217,
        0,
        0,
        0,
        0,
        12,
        0,
        0,
        0,
        0,
        0,
        0,
        0,
        0,
        0,
        0,
        0,
        0,
        0,
        0,
        0
      ],
      [
        0,
        0,
        0,
        163,
        36,
        0,
        0,
        0,
        0,
        0,
        0,
        0,
        0,
        1,
        0,
        0,
        0,
        0,
        0,
        0,
        0,
        0,
        0
      ],
      [
        0,
        0,
        0,
        8,
        189,
        0,
        0,
        0,
        0,
        0,
        0,
        0,
        0,
        0,
        0,
        0,
        0,
        0,
        0,
        0,
        0,
        0,
        0
      ],
      [
        0,
        0,
        0,
        0,
        0,
        0,
        0,
        0,
        0,
        0,
        0,
        0,
        0,
        0,
        1,
        0,
        0,
        0,
        0,
        0,
        0,
        0,
        0
      ],
      [
        0,
        0,
        0,
        0,
        0,
        0,
        0,
        0,
        0,
        0,
        0,
        0,
        0,
        0,
        0,
        0,
        0,
        0,
        1,
        0,
        0,
        0,
        0
      ],
      [
        0,
        0,
        0,
        0,
        0,
        0,
        0,
        26,
        0,
        0,
        0,
        0,
        0,
        0,
        0,
        0,
        0,
        0,
        0,
        0,
        0,
        0,
        0
      ],
      [
        0,
        0,
        0,
        0,
        0,
        0,
        0,
        0,
        199,
        0,
        0,
        0,
        0,
        1,
        0,
        0,
        0,
        0,
        1,
        0,
        0,
        0,
        0
      ],
      [
        1,
        0,
        0,
        0,
        0,
        0,
        0,
        0,
        1,
        192,
        2,
        1,
        0,
        0,
        0,
        0,
        1,
        0,
        1,
        0,
        0,
        0,
        0
      ],
      [
        0,
        0,
        0,
        0,
        0,
        0,
        0,
        0,
        0,
        0,
        100,
        72,
        0,
        0,
        0,
        0,
        14,
        0,
        0,
        0,
        0,
        0,
        0
      ],
      [
        0,
        0,
        0,
        0,
        0,
        0,
        0,
        0,
        0,
        0,
        9,
        49,
        10,
        0,
        0,
        0,
        12,
        0,
        0,
        0,
        0,
        0,
        0
      ],
      [
        0,
        0,
        0,
        0,
        0,
        0,
        0,
        0,
        0,
        0,
        0,
        14,
        35,
        0,
        0,
        0,
        3,
        0,
        0,
        0,
        0,
        0,
        0
      ],
      [
        0,
        0,
        0,
        0,
        0,
        0,
        0,
        0,
        3,
        2,
        0,
        0,
        0,
        190,
        1,
        0,
        0,
        0,
        7,
        0,
        2,
        0,
        0
      ],
      [
        0,
        0,
        0,
        0,
        0,
        0,
        0,
        0,
        0,
        0,
        0,
        0,
        0,
        2,
        72,
        0,
        0,
        0,
        2,
        0,
        1,
        0,
        1
      ],
      [
        0,
        0,
        0,
        0,
        0,
        0,
        0,
        0,
        0,
        0,
        0,
        1,
        0,
        1,
        1,
        149,
        0,
        0,
        0,
        0,
        0,
        0,
        0
      ],
      [
        0,
        0,
