{
  "experiment_id": "10_triple_concat_finetune_wide_official",
  "fold": 0,
  "device": "cuda",
  "best_val_macro_f1": 0.654430701941498,
  "test": {
    "accuracy": 0.8784165881244109,
    "macro_precision": 0.5813225469035901,
    "macro_recall": 0.5892947558367027,
    "macro_f1": 0.5796278942817911,
    "per_class": {
      "0": {
        "precision": 0.058823529411764705,
        "recall": 0.125,
        "f1": 0.08,
        "support": 8
      },
      "1": {
        "precision": 0.9761904761904762,
        "recall": 0.9534883720930233,
        "f1": 0.9647058823529412,
        "support": 129
      },
      "2": {
        "precision": 0.9953917050691244,
        "recall": 0.9432314410480349,
        "f1": 0.968609865470852,
        "support": 229
      },
      "3": {
        "precision": 0.8947368421052632,
        "recall": 0.935,
        "f1": 0.9144254278728606,
        "support": 200
      },
      "4": {
        "precision": 0.9447513812154696,
        "recall": 0.868020304568528,
        "f1": 0.9047619047619048,
        "support": 197
      },
      "5": {
        "precision": 0.0,
        "recall": 0.0,
        "f1": 0.0,
        "support": 1
      },
      "6": {
        "precision": 0.0,
        "recall": 0.0,
        "f1": 0.0,
        "support": 1
      },
      "7": {
        "precision": 0.6666666666666666,
        "recall": 1.0,
        "f1": 0.8,
        "support": 26
      },
      "8": {
        "precision": 0.9471153846153846,
        "recall": 0.9800995024875622,
        "f1": 0.9633251833740831,
        "support": 201
      },
      "9": {
        "precision": 0.9476190476190476,
        "recall": 1.0,
        "f1": 0.9731051344743277,
        "support": 199
      },
      "10": {
        "precision": 0.7884615384615384,
        "recall": 0.8817204301075269,
        "f1": 0.8324873096446701,
        "support": 186
      },
      "11": {
        "precision": 0.5384615384615384,
        "recall": 0.35,
        "f1": 0.42424242424242425,
        "support": 80
      },
      "12": {
        "precision": 0.7037037037037037,
        "recall": 0.7307692307692307,
        "f1": 0.7169811320754716,
        "support": 52
      },
      "13": {
        "precision": 0.98,
        "recall": 0.9560975609756097,
        "f1": 0.9679012345679012,
        "support": 205
      },
      "14": {
        "precision": 0.9629629629629629,
        "recall": 1.0,
        "f1": 0.9811320754716981,
        "support": 78
      },
      "15": {
        "precision": 1.0,
        "recall": 0.9736842105263158,
        "f1": 0.9866666666666667,
        "support": 152
      },
      "16": {
        "precision": 0.0,
        "recall": 0.0,
        "f1": 0.0,
        "support": 10
      },
      "17": {
        "precision": 0.3333333333333333,
        "recall": 0.14285714285714285,
        "f1": 0.2,
        "support": 7
      },
      "18": {
        "precision": 0.45614035087719296,
        "recall": 0.65,
        "f1": 0.5360824742268041,
        "support": 40
      },
      "19": {
        "precision": 0.0,
        "recall": 0.0,
        "f1": 0.0,
        "support": 2
      },
      "20": {
        "precision": 0.654320987654321,
        "recall": 0.6022727272727273,
        "f1": 0.6272189349112426,
        "support": 88
      },
      "21": {
        "precision": 0.0,
        "recall": 0.0,
        "f1": 0.0,
        "support": 5
      },
      "22": {
        "precision": 0.5217391304347826,
        "recall": 0.46153846153846156,
        "f1": 0.4897959183673469,
        "support": 26
      }
    },
    "zero_support_classes": [],
    "confusion_matrix": [
      [
        1,
        0,
        0,
        0,
        0,
        0,
        0,
        0,
        0,
        0,
        3,
        1,
        2,
        0,
        0,
        0,
        1,
        0,
        0,
        0,
        0,
        0,
        0
      ],
      [
        0,
        123,
        0,
        0,
        0,
        0,
        0,
        1,
        0,
        0,
        0,
        0,
        0,
        0,
        0,
        0,
        0,
        0,
        0,
        1,
        4,
        0,
        0
      ],
      [
        0,
        1,
        216,
        0,
        0,
        0,
        0,
        12,
        0,
        0,
        0,
        0,
        0,
        0,
        0,
        0,
        0,
        0,
        0,
        0,
        0,
        0,
        0
      ],
      [
        0,
        0,
        0,
        187,
        10,
        0,
        0,
        0,
        0,
        0,
        0,
        0,
        0,
        3,
        0,
        0,
        0,
        0,
        0,
        0,
        0,
        0,
        0
      ],
      [
        0,
        1,
        0,
        22,
        171,
        0,
        0,
        0,
        3,
        0,
        0,
        0,
        0,
        0,
        0,
        0,
        0,
        0,
        0,
        0,
        0,
        0,
        0
      ],
      [
        0,
        0,
        0,
        0,
        0,
        0,
        0,
        0,
        0,
        0,
        0,
        0,
        0,
        0,
        1,
        0,
        0,
        0,
        0,
        0,
        0,
        0,
        0
      ],
      [
        0,
        0,
        0,
        0,
        0,
        0,
        0,
        0,
        1,
        0,
        0,
        0,
        0,
        0,
        0,
        0,
        0,
        0,
        0,
        0,
        0,
        0,
        0
      ],
      [
        0,
        0,
        0,
        0,
        0,
        0,
        0,
        26,
        0,
        0,
        0,
        0,
        0,
        0,
        0,
        0,
        0,
        0,
        0,
        0,
        0,
        0,
        0
      ],
      [
        0,
        0,
        0,
        0,
        0,
        0,
        0,
        0,
        197,
        1,
        0,
        0,
        0,
        1,
        0,
        0,
        0,
        0,
        1,
        0,
        1,
        0,
        0
      ],
      [
        0,
        0,
        0,
        0,
        0,
        0,
        0,
        0,
        0,
        199,
        0,
        0,
        0,
        0,
        0,
        0,
        0,
        0,
        0,
        0,
        0,
        0,
        0
      ],
      [
        6,
        0,
        0,
        0,
        0,
        0,
        0,
        0,
        0,
        0,
        164,
        13,
        1,
        0,
        0,
        0,
        2,
        0,
        0,
        0,
        0,
        0,
        0
      ],
      [
        7,
        0,
        0,
        0,
        0,
        0,
        0,
        0,
        0,
        1,
        33,
        28,
        10,
        0,
        0,
        0,
        1,
        0,
        0,
        0,
        0,
        0,
        0
      ],
      [
        0,
        0,
        0,
        0,
        0,
        0,
        0,
        0,
        0,
        1,
        4,
        9,
        38,
        0,
        0,
        0,
        0,
        0,
        0,
        0,
        0,
        0,
        0
      ],
      [
        0,
        0,
        0,
        0,
        0,
        0,
        0,
        0,
        2,
        5,
        0,
        0,
        0,
        196,
        1,
        0,
        0,
        0,
        0,
        0,
        1,
        0,
        0
      ],
      [
        0,
        0,
        0,
        0,
        0,
        0,
        0,
        0,
        0,
        0,
        0,
        0,
        0,
        0,
        78,
        0,
        0,
        0,
        0,
        0,
        0,
        0,
        0
      ],
      [
        0,
        0,
        0,
        0,
        0,
        0,
        0,
        0,
        0,
        3,
        0,
        0,
        0,
        0,
        1,
        148,
        0,
        0,
        0,
        0,
        0,
        0,
        0
      ],
      [
        3,
        0,
        0,
