{
  "experiment_id": "11_triple_weighted_finetune_wide_official",
  "fold": 2,
  "device": "cuda",
  "best_val_macro_f1": 0.6104473353792766,
  "test": {
    "accuracy": 0.8746465598491989,
    "macro_precision": 0.5907455426803303,
    "macro_recall": 0.5928937800503625,
    "macro_f1": 0.5829191035386393,
    "per_class": {
      "0": {
        "precision": 0.1,
        "recall": 0.125,
        "f1": 0.1111111111111111,
        "support": 8
      },
      "1": {
        "precision": 0.984251968503937,
        "recall": 0.9689922480620154,
        "f1": 0.9765625,
        "support": 129
      },
      "2": {
        "precision": 0.9954545454545455,
        "recall": 0.9563318777292577,
        "f1": 0.9755011135857461,
        "support": 229
      },
      "3": {
        "precision": 0.8755980861244019,
        "recall": 0.915,
        "f1": 0.8948655256723717,
        "support": 200
      },
      "4": {
        "precision": 0.9067357512953368,
        "recall": 0.8883248730964467,
        "f1": 0.8974358974358975,
        "support": 197
      },
      "5": {
        "precision": 0.0,
        "recall": 0.0,
        "f1": 0.0,
        "support": 1
      },
      "6": {
        "precision": 0.0,
        "recall": 0.0,
        "f1": 0.0,
        "support": 1
      },
      "7": {
        "precision": 0.7575757575757576,
        "recall": 0.9615384615384616,
        "f1": 0.847457627118644,
        "support": 26
      },
      "8": {
        "precision": 0.9471153846153846,
        "recall": 0.9800995024875622,
        "f1": 0.9633251833740831,
        "support": 201
      },
      "9": {
        "precision": 0.9754901960784313,
        "recall": 1.0,
        "f1": 0.9875930521091811,
        "support": 199
      },
      "10": {
        "precision": 0.8341708542713567,
        "recall": 0.8924731182795699,
        "f1": 0.8623376623376623,
        "support": 186
      },
      "11": {
        "precision": 0.5789473684210527,
        "recall": 0.275,
        "f1": 0.3728813559322034,
        "support": 80
      },
      "12": {
        "precision": 0.6029411764705882,
        "recall": 0.7884615384615384,
        "f1": 0.6833333333333333,
        "support": 52
      },
      "13": {
        "precision": 0.9781420765027322,
        "recall": 0.8731707317073171,
        "f1": 0.9226804123711341,
        "support": 205
      },
      "14": {
        "precision": 0.8,
        "recall": 0.9743589743589743,
        "f1": 0.8786127167630058,
        "support": 78
      },
      "15": {
        "precision": 0.9933333333333333,
        "recall": 0.9802631578947368,
        "f1": 0.9867549668874173,
        "support": 152
      },
      "16": {
        "precision": 0.0,
        "recall": 0.0,
        "f1": 0.0,
        "support": 10
      },
      "17": {
        "precision": 0.5,
        "recall": 0.14285714285714285,
        "f1": 0.2222222222222222,
        "support": 7
      },
      "18": {
        "precision": 0.4318181818181818,
        "recall": 0.475,
        "f1": 0.4523809523809524,
        "support": 40
      },
      "19": {
        "precision": 0.0,
        "recall": 0.0,
        "f1": 0.0,
        "support": 2
      },
      "20": {
        "precision": 0.7195121951219512,
        "recall": 0.6704545454545454,
        "f1": 0.6941176470588235,
        "support": 88
      },
      "21": {
        "precision": 0.0,
        "recall": 0.0,
        "f1": 0.0,
        "support": 5
      },
      "22": {
        "precision": 0.6060606060606061,
        "recall": 0.7692307692307693,
        "f1": 0.6779661016949152,
        "support": 26
      }
    },
    "zero_support_classes": [],
    "confusion_matrix": [
      [
        1,
        0,
        0,
        0,
        0,
        0,
        0,
        0,
        0,
        0,
        2,
        2,
        2,
        0,
        0,
        0,
        1,
        0,
        0,
        0,
        0,
        0,
        0
      ],
      [
        0,
        125,
        0,
        0,
        1,
        0,
        0,
        0,
        1,
        0,
        0,
        0,
        0,
        0,
        0,
        0,
        0,
        0,
        1,
        0,
        0,
        0,
        1
      ],
      [
        0,
        2,
        219,
        0,
        0,
        0,
        0,
        8,
        0,
        0,
        0,
        0,
        0,
        0,
        0,
        0,
        0,
        0,
        0,
        0,
        0,
        0,
        0
      ],
      [
        0,
        0,
        0,
        183,
        17,
        0,
        0,
        0,
        0,
        0,
        0,
        0,
        0,
        0,
        0,
        0,
        0,
        0,
        0,
        0,
        0,
        0,
        0
      ],
      [
        0,
        0,
        0,
        22,
        175,
        0,
        0,
        0,
        0,
        0,
        0,
        0,
        0,
        0,
        0,
        0,
        0,
        0,
        0,
        0,
        0,
        0,
        0
      ],
      [
        0,
        0,
        0,
        0,
        0,
        0,
        0,
        0,
        0,
        0,
        0,
        0,
        0,
        0,
        1,
        0,
        0,
        0,
        0,
        0,
        0,
        0,
        0
      ],
      [
        0,
        0,
        0,
        0,
        0,
        0,
        0,
        0,
        0,
        0,
        0,
        0,
        0,
        0,
        0,
        0,
        0,
        0,
        0,
        0,
        1,
        0,
        0
      ],
      [
        0,
        0,
        1,
        0,
        0,
        0,
        0,
        25,
        0,
        0,
        0,
        0,
        0,
        0,
        0,
        0,
        0,
        0,
        0,
        0,
        0,
        0,
        0
      ],
      [
        0,
        0,
        0,
        0,
        0,
        0,
        0,
        0,
        197,
        0,
        0,
        0,
        0,
        0,
        0,
        0,
        0,
        0,
        4,
        0,
        0,
        0,
        0
      ],
      [
        0,
        0,
        0,
        0,
        0,
        0,
        0,
        0,
        0,
        199,
        0,
        0,
        0,
        0,
        0,
        0,
        0,
        0,
        0,
        0,
        0,
        0,
        0
      ],
      [
        1,
        0,
        0,
        0,
        0,
        0,
        0,
        0,
        0,
        0,
        166,
        8,
        3,
        0,
        0,
        0,
        8,
        0,
        0,
        0,
        0,
        0,
        0
      ],
      [
        3,
        0,
        0,
        0,
        0,
        0,
        0,
        0,
        0,
        0,
        24,
        22,
        21,
        0,
        0,
        0,
        10,
        0,
        0,
        0,
        0,
        0,
        0
      ],
      [
        1,
        0,
        0,
        0,
        0,
        0,
        0,
        0,
        0,
        0,
        3,
        5,
        41,
        0,
        0,
        0,
        2,
        0,
        0,
        0,
        0,
        0,
        0
      ],
      [
        0,
        0,
        0,
        4,
        0,
        0,
        0,
        0,
        3,
        5,
        0,
        0,
        0,
        179,
        11,
        0,
        0,
        0,
        1,
        0,
        1,
        0,
        1
      ],
      [
        0,
        0,
        0,
        0,
        0,
        0,
        0,
        0,
        0,
        0,
        0,
        0,
        0,
        0,
        76,
        1,
        0,
        0,
        0,
        0,
        1,
        0,
        0
      ],
      [
        0,
        0,
        0,
        0,
        0,
        0,
        0,
        0,
        0,
        0,
        0,
        0,
        0,
        0,
        3,
        149,
        0,
        0,
        0,
        0,
        0,
        0,
        0
