{
  "experiment_id": "15_triple_gmu_finetune_wide_official",
  "fold": 3,
  "device": "cuda",
  "best_val_macro_f1": 0.601950654641521,
  "test": {
    "accuracy": 0.8421300659754948,
    "macro_precision": 0.5621963387093946,
    "macro_recall": 0.5813156299843434,
    "macro_f1": 0.5634182110055359,
    "per_class": {
      "0": {
        "precision": 0.0,
        "recall": 0.0,
        "f1": 0.0,
        "support": 8
      },
      "1": {
        "precision": 0.9921875,
        "recall": 0.9844961240310077,
        "f1": 0.9883268482490273,
        "support": 129
      },
      "2": {
        "precision": 0.9824561403508771,
        "recall": 0.9781659388646288,
        "f1": 0.9803063457330415,
        "support": 229
      },
      "3": {
        "precision": 0.9428571428571428,
        "recall": 0.825,
        "f1": 0.88,
        "support": 200
      },
      "4": {
        "precision": 0.8475336322869955,
        "recall": 0.9593908629441624,
        "f1": 0.9,
        "support": 197
      },
      "5": {
        "precision": 0.0,
        "recall": 0.0,
        "f1": 0.0,
        "support": 1
      },
      "6": {
        "precision": 0.0,
        "recall": 0.0,
        "f1": 0.0,
        "support": 1
      },
      "7": {
        "precision": 0.8275862068965517,
        "recall": 0.9230769230769231,
        "f1": 0.8727272727272727,
        "support": 26
      },
      "8": {
        "precision": 0.9170506912442397,
        "recall": 0.9900497512437811,
        "f1": 0.9521531100478469,
        "support": 201
      },
      "9": {
        "precision": 0.975,
        "recall": 0.9798994974874372,
        "f1": 0.9774436090225563,
        "support": 199
      },
      "10": {
        "precision": 0.8487394957983193,
        "recall": 0.543010752688172,
        "f1": 0.6622950819672131,
        "support": 186
      },
      "11": {
        "precision": 0.2777777777777778,
        "recall": 0.3125,
        "f1": 0.29411764705882354,
        "support": 80
      },
      "12": {
        "precision": 0.5348837209302325,
        "recall": 0.8846153846153846,
        "f1": 0.6666666666666666,
        "support": 52
      },
      "13": {
        "precision": 1.0,
        "recall": 0.8682926829268293,
        "f1": 0.9295039164490861,
        "support": 205
      },
      "14": {
        "precision": 0.9156626506024096,
        "recall": 0.9743589743589743,
        "f1": 0.9440993788819876,
        "support": 78
      },
      "15": {
        "precision": 1.0,
        "recall": 1.0,
        "f1": 1.0,
        "support": 152
      },
      "16": {
        "precision": 0.06818181818181818,
        "recall": 0.3,
        "f1": 0.1111111111111111,
        "support": 10
      },
      "17": {
        "precision": 0.16666666666666666,
        "recall": 0.14285714285714285,
        "f1": 0.15384615384615385,
        "support": 7
      },
      "18": {
        "precision": 0.4857142857142857,
        "recall": 0.425,
        "f1": 0.4533333333333333,
        "support": 40
      },
      "19": {
        "precision": 0.0,
        "recall": 0.0,
        "f1": 0.0,
        "support": 2
      },
      "20": {
        "precision": 0.5930232558139535,
        "recall": 0.5795454545454546,
        "f1": 0.5862068965517241,
        "support": 88
      },
      "21": {
        "precision": 0.09090909090909091,
        "recall": 0.2,
        "f1": 0.125,
        "support": 5
      },
      "22": {
        "precision": 0.4642857142857143,
        "recall": 0.5,
        "f1": 0.48148148148148145,
        "support": 26
      }
    },
    "zero_support_classes": [],
    "confusion_matrix": [
      [
        0,
        0,
        0,
        0,
        0,
        0,
        0,
        0,
        0,
        0,
        0,
        2,
        1,
        0,
        0,
        0,
        5,
        0,
        0,
        0,
        0,
        0,
        0
      ],
      [
        0,
        127,
        2,
        0,
        0,
        0,
        0,
        0,
        0,
        0,
        0,
        0,
        0,
        0,
        0,
        0,
        0,
        0,
        0,
        0,
        0,
        0,
        0
      ],
      [
        0,
        0,
        224,
        0,
        0,
        0,
        0,
        5,
        0,
        0,
        0,
        0,
        0,
        0,
        0,
        0,
        0,
        0,
        0,
        0,
        0,
        0,
        0
      ],
      [
        0,
        0,
        0,
        165,
        33,
        0,
        0,
        0,
        0,
        0,
        0,
        0,
        0,
        0,
        2,
        0,
        0,
        0,
        0,
        0,
        0,
        0,
        0
      ],
      [
        0,
        0,
        0,
        8,
        189,
        0,
        0,
        0,
        0,
        0,
        0,
        0,
        0,
        0,
        0,
        0,
        0,
        0,
        0,
        0,
        0,
        0,
        0
      ],
      [
        0,
        0,
        0,
        0,
        0,
        0,
        0,
        0,
        0,
        0,
        0,
        0,
        0,
        0,
        1,
        0,
        0,
        0,
        0,
        0,
        0,
        0,
        0
      ],
      [
        0,
        0,
        0,
        0,
        0,
        0,
        0,
        0,
        0,
        0,
        0,
        0,
        0,
        0,
        0,
        0,
        0,
        0,
        0,
        0,
        0,
        0,
        1
      ],
      [
        0,
        0,
        2,
        0,
        0,
        0,
        0,
        24,
        0,
        0,
        0,
        0,
        0,
        0,
        0,
        0,
        0,
        0,
        0,
        0,
        0,
        0,
        0
      ],
      [
        0,
        0,
        0,
        0,
        0,
        0,
        0,
        0,
        199,
        0,
        0,
        0,
        0,
        0,
        1,
        0,
        0,
        0,
        0,
        0,
        1,
        0,
        0
      ],
      [
        0,
        0,
        0,
        0,
        0,
        0,
        0,
        0,
        0,
        195,
        1,
        0,
        0,
        0,
        0,
        0,
        3,
        0,
        0,
        0,
        0,
        0,
        0
      ],
      [
        2,
        0,
        0,
        0,
        0,
        0,
        0,
        0,
        0,
        0,
        101,
        56,
        8,
        0,
        0,
        0,
        19,
        0,
        0,
        0,
        0,
        0,
        0
      ],
      [
        0,
        0,
        0,
        0,
        0,
        0,
        0,
        0,
        0,
        0,
        15,
        25,
        27,
        0,
        0,
        0,
        13,
        0,
        0,
        0,
        0,
        0,
        0
      ],
      [
        0,
        0,
        0,
        0,
        0,
        0,
        0,
        0,
        0,
        0,
        1,
        4,
        46,
        0,
        0,
        0,
        1,
        0,
        0,
        0,
        0,
        0,
        0
      ],
      [
        0,
        0,
        0,
        2,
        0,
        0,
        0,
        0,
        8,
        4,
        1,
        0,
        0,
        178,
        3,
        0,
        0,
        1,
        1,
        0,
        4,
        2,
        1
      ],
      [
        0,
        1,
        0,
        0,
        0,
        0,
        0,
        0,
        0,
        0,
        0,
        0,
        0,
        0,
        76,
        0,
        0,
        0,
        1,
        0,
        0,
        0,
        0
      ],
      [
        0,
        0,
        0,
        0,
        0,
        0,
        0,
        0,
        0,
        0,
        0,
        0,
        0,
        0,
        0,
        152,
        0,
        0,
        0,
        0,
        0,
        0,
        0
      ],
      [
        1,
        0,
