{
  "experiment_id": "11_triple_weighted_finetune_wide_official",
  "fold": 3,
  "device": "cuda",
  "best_val_macro_f1": 0.5889335484661727,
  "test": {
    "accuracy": 0.8642789820923656,
    "macro_precision": 0.5836703096059904,
    "macro_recall": 0.5990049290632242,
    "macro_f1": 0.5851873781252498,
    "per_class": {
      "0": {
        "precision": 0.0,
        "recall": 0.0,
        "f1": 0.0,
        "support": 8
      },
      "1": {
        "precision": 1.0,
        "recall": 0.9689922480620154,
        "f1": 0.984251968503937,
        "support": 129
      },
      "2": {
        "precision": 0.9656652360515021,
        "recall": 0.982532751091703,
        "f1": 0.974025974025974,
        "support": 229
      },
      "3": {
        "precision": 0.8333333333333334,
        "recall": 0.95,
        "f1": 0.8878504672897196,
        "support": 200
      },
      "4": {
        "precision": 0.9695121951219512,
        "recall": 0.8071065989847716,
        "f1": 0.8808864265927978,
        "support": 197
      },
      "5": {
        "precision": 0.0,
        "recall": 0.0,
        "f1": 0.0,
        "support": 1
      },
      "6": {
        "precision": 0.0,
        "recall": 0.0,
        "f1": 0.0,
        "support": 1
      },
      "7": {
        "precision": 0.8518518518518519,
        "recall": 0.8846153846153846,
        "f1": 0.8679245283018868,
        "support": 26
      },
      "8": {
        "precision": 0.9704433497536946,
        "recall": 0.9800995024875622,
        "f1": 0.9752475247524752,
        "support": 201
      },
      "9": {
        "precision": 0.9660194174757282,
        "recall": 1.0,
        "f1": 0.9827160493827161,
        "support": 199
      },
      "10": {
        "precision": 0.8439716312056738,
        "recall": 0.6397849462365591,
        "f1": 0.72782874617737,
        "support": 186
      },
      "11": {
        "precision": 0.3488372093023256,
        "recall": 0.5625,
        "f1": 0.430622009569378,
        "support": 80
      },
      "12": {
        "precision": 0.7058823529411765,
        "recall": 0.6923076923076923,
        "f1": 0.6990291262135923,
        "support": 52
      },
      "13": {
        "precision": 0.9797979797979798,
        "recall": 0.9463414634146341,
        "f1": 0.9627791563275434,
        "support": 205
      },
      "14": {
        "precision": 0.9487179487179487,
        "recall": 0.9487179487179487,
        "f1": 0.9487179487179487,
        "support": 78
      },
      "15": {
        "precision": 1.0,
        "recall": 0.9868421052631579,
        "f1": 0.9933774834437086,
        "support": 152
      },
      "16": {
        "precision": 0.13333333333333333,
        "recall": 0.2,
        "f1": 0.16,
        "support": 10
      },
      "17": {
        "precision": 0.0,
        "recall": 0.0,
        "f1": 0.0,
        "support": 7
      },
      "18": {
        "precision": 0.5,
        "recall": 0.4,
        "f1": 0.4444444444444444,
        "support": 40
      },
      "19": {
        "precision": 0.0,
        "recall": 0.0,
        "f1": 0.0,
        "support": 2
      },
      "20": {
        "precision": 0.6153846153846154,
        "recall": 0.7272727272727273,
        "f1": 0.6666666666666666,
        "support": 88
      },
      "21": {
        "precision": 0.25,
        "recall": 0.6,
        "f1": 0.35294117647058826,
        "support": 5
      },
      "22": {
        "precision": 0.5416666666666666,
        "recall": 0.5,
        "f1": 0.52,
        "support": 26
      }
    },
    "zero_support_classes": [],
    "confusion_matrix": [
      [
        0,
        0,
        0,
        0,
        0,
        0,
        0,
        0,
        0,
        0,
        1,
        3,
        1,
        0,
        0,
        0,
        3,
        0,
        0,
        0,
        0,
        0,
        0
      ],
      [
        0,
        125,
        4,
        0,
        0,
        0,
        0,
        0,
        0,
        0,
        0,
        0,
        0,
        0,
        0,
        0,
        0,
        0,
        0,
        0,
        0,
        0,
        0
      ],
      [
        0,
        0,
        225,
        0,
        0,
        0,
        0,
        4,
        0,
        0,
        0,
        0,
        0,
        0,
        0,
        0,
        0,
        0,
        0,
        0,
        0,
        0,
        0
      ],
      [
        0,
        0,
        1,
        190,
        5,
        0,
        0,
        0,
        1,
        0,
        0,
        0,
        0,
        1,
        0,
        0,
        0,
        0,
        0,
        0,
        2,
        0,
        0
      ],
      [
        0,
        0,
        0,
        38,
        159,
        0,
        0,
        0,
        0,
        0,
        0,
        0,
        0,
        0,
        0,
        0,
        0,
        0,
        0,
        0,
        0,
        0,
        0
      ],
      [
        0,
        0,
        0,
        0,
        0,
        0,
        0,
        0,
        0,
        0,
        0,
        0,
        0,
        0,
        1,
        0,
        0,
        0,
        0,
        0,
        0,
        0,
        0
      ],
      [
        0,
        0,
        0,
        0,
        0,
        0,
        0,
        0,
        0,
        0,
        0,
        0,
        0,
        0,
        0,
        0,
        0,
        0,
        0,
        0,
        0,
        1,
        0
      ],
      [
        0,
        0,
        3,
        0,
        0,
        0,
        0,
        23,
        0,
        0,
        0,
        0,
        0,
        0,
        0,
        0,
        0,
        0,
        0,
        0,
        0,
        0,
        0
      ],
      [
        0,
        0,
        0,
        0,
        0,
        0,
        0,
        0,
        197,
        0,
        0,
        0,
        0,
        1,
        0,
        0,
        0,
        0,
        2,
        0,
        1,
        0,
        0
      ],
      [
        0,
        0,
        0,
        0,
        0,
        0,
        0,
        0,
        0,
        199,
        0,
        0,
        0,
        0,
        0,
        0,
        0,
        0,
        0,
        0,
        0,
        0,
        0
      ],
      [
        0,
        0,
        0,
        0,
        0,
        0,
        0,
        0,
        0,
        0,
        119,
        59,
        0,
        0,
        0,
        0,
        8,
        0,
        0,
        0,
        0,
        0,
        0
      ],
      [
        0,
        0,
        0,
        0,
        0,
        0,
        0,
        0,
        0,
        0,
        19,
        45,
        14,
        0,
        0,
        0,
        2,
        0,
        0,
        0,
        0,
        0,
        0
      ],
      [
        0,
        0,
        0,
        0,
        0,
        0,
        0,
        0,
        0,
        0,
        0,
        16,
        36,
        0,
        0,
        0,
        0,
        0,
        0,
        0,
        0,
        0,
        0
      ],
      [
        0,
        0,
        0,
        0,
        0,
        0,
        0,
        0,
        0,
        6,
        0,
        0,
        0,
        194,
        1,
        0,
        0,
        0,
        2,
        0,
        2,
        0,
        0
      ],
      [
        0,
        0,
        0,
        0,
        0,
        0,
        0,
        0,
        0,
        0,
        0,
        0,
        0,
        1,
        74,
        0,
        0,
        0,
        1,
        0,
        2,
        0,
        0
      ],
      [
        0,
        0,
        0,
        0,
        0,
        0,
        0,
        0,
        0,
        0,
        0,
        0,
        0,
        1,
        1,
        150,
        0,
        0,
        0,
        0,
        0,
        0,
        0
      ],
      [
        0,
        0,
        0,
        0,
        0,
