{
  "experiment_id": "16_triple_weighted_finetune_focal_official",
  "fold": 4,
  "device": "cuda",
  "best_val_macro_f1": 0.6025274375043398,
  "test": {
    "accuracy": 0.8725850965961361,
    "macro_precision": 0.5875778049387441,
    "macro_recall": 0.6126707115408955,
    "macro_f1": 0.5962357207754032,
    "per_class": {
      "0": {
        "precision": 0.0,
        "recall": 0.0,
        "f1": 0.0,
        "support": 9
      },
      "1": {
        "precision": 0.9473684210526315,
        "recall": 0.9692307692307692,
        "f1": 0.9581749049429658,
        "support": 130
      },
      "2": {
        "precision": 0.9782608695652174,
        "recall": 0.9698275862068966,
        "f1": 0.974025974025974,
        "support": 232
      },
      "3": {
        "precision": 0.9534883720930233,
        "recall": 0.8118811881188119,
        "f1": 0.8770053475935828,
        "support": 202
      },
      "4": {
        "precision": 0.8290598290598291,
        "recall": 0.9651741293532339,
        "f1": 0.8919540229885058,
        "support": 201
      },
      "5": {
        "precision": 0.25,
        "recall": 0.5,
        "f1": 0.3333333333333333,
        "support": 2
      },
      "6": {
        "precision": 0.0,
        "recall": 0.0,
        "f1": 0.0,
        "support": 5
      },
      "7": {
        "precision": 0.8181818181818182,
        "recall": 1.0,
        "f1": 0.9,
        "support": 27
      },
      "8": {
        "precision": 0.943127962085308,
        "recall": 0.9707317073170731,
        "f1": 0.9567307692307693,
        "support": 205
      },
      "9": {
        "precision": 0.9711538461538461,
        "recall": 0.9950738916256158,
        "f1": 0.9829683698296837,
        "support": 203
      },
      "10": {
        "precision": 0.8421052631578947,
        "recall": 0.7659574468085106,
        "f1": 0.8022284122562674,
        "support": 188
      },
      "11": {
        "precision": 0.5053763440860215,
        "recall": 0.5662650602409639,
        "f1": 0.5340909090909091,
        "support": 83
      },
      "12": {
        "precision": 0.6964285714285714,
        "recall": 0.75,
        "f1": 0.7222222222222222,
        "support": 52
      },
      "13": {
        "precision": 0.9896907216494846,
        "recall": 0.9230769230769231,
        "f1": 0.9552238805970149,
        "support": 208
      },
      "14": {
        "precision": 0.9459459459459459,
        "recall": 0.8860759493670886,
        "f1": 0.9150326797385621,
        "support": 79
      },
      "15": {
        "precision": 0.9808917197452229,
        "recall": 0.9871794871794872,
        "f1": 0.9840255591054313,
        "support": 156
      },
      "16": {
        "precision": 0.1,
        "recall": 0.15384615384615385,
        "f1": 0.12121212121212122,
        "support": 13
      },
      "17": {
        "precision": 0.0,
        "recall": 0.0,
        "f1": 0.0,
        "support": 7
      },
      "18": {
        "precision": 0.6176470588235294,
        "recall": 0.5121951219512195,
        "f1": 0.56,
        "support": 41
      },
      "19": {
        "precision": 0.0,
        "recall": 0.0,
        "f1": 0.0,
        "support": 3
      },
      "20": {
        "precision": 0.6607142857142857,
        "recall": 0.8131868131868132,
        "f1": 0.729064039408867,
        "support": 91
      },
      "21": {
        "precision": 0.0,
        "recall": 0.0,
        "f1": 0.0,
        "support": 8
      },
      "22": {
        "precision": 0.48484848484848486,
        "recall": 0.5517241379310345,
        "f1": 0.5161290322580645,
        "support": 29
      }
    },
    "zero_support_classes": [],
    "confusion_matrix": [
      [
        0,
        0,
        0,
        0,
        0,
        0,
        0,
        0,
        0,
        0,
        3,
        3,
        1,
        0,
        0,
        0,
        2,
        0,
        0,
        0,
        0,
        0,
        0
      ],
      [
        0,
        126,
        2,
        0,
        0,
        0,
        0,
        0,
        0,
        0,
        0,
        0,
        0,
        0,
        0,
        0,
        0,
        0,
        0,
        0,
        2,
        0,
        0
      ],
      [
        0,
        1,
        225,
        0,
        0,
        0,
        0,
        6,
        0,
        0,
        0,
        0,
        0,
        0,
        0,
        0,
        0,
        0,
        0,
        0,
        0,
        0,
        0
      ],
      [
        0,
        0,
        0,
        164,
        38,
        0,
        0,
        0,
        0,
        0,
        0,
        0,
        0,
        0,
        0,
        0,
        0,
        0,
        0,
        0,
        0,
        0,
        0
      ],
      [
        0,
        0,
        0,
        7,
        194,
        0,
        0,
        0,
        0,
        0,
        0,
        0,
        0,
        0,
        0,
        0,
        0,
        0,
        0,
        0,
        0,
        0,
        0
      ],
      [
        0,
        0,
        0,
        0,
        0,
        1,
        0,
        0,
        0,
        0,
        0,
        0,
        0,
        0,
        1,
        0,
        0,
        0,
        0,
        0,
        0,
        0,
        0
      ],
      [
        0,
        0,
        0,
        0,
        0,
        0,
        0,
        0,
        0,
        0,
        0,
        0,
        0,
        0,
        0,
        0,
        0,
        0,
        1,
        0,
        2,
        0,
        2
      ],
      [
        0,
        0,
        0,
        0,
        0,
        0,
        0,
        27,
        0,
        0,
        0,
        0,
        0,
        0,
        0,
        0,
        0,
        0,
        0,
        0,
        0,
        0,
        0
      ],
      [
        0,
        0,
        0,
        0,
        0,
        0,
        0,
        0,
        199,
        0,
        0,
        0,
        0,
        0,
        0,
        0,
        0,
        0,
        4,
        0,
        2,
        0,
        0
      ],
      [
        0,
        0,
        1,
        0,
        0,
        0,
        0,
        0,
        0,
        202,
        0,
        0,
        0,
        0,
        0,
        0,
        0,
        0,
        0,
        0,
        0,
        0,
        0
      ],
      [
        0,
        0,
        0,
        0,
        0,
        0,
        0,
        0,
        0,
        2,
        144,
        31,
        2,
        0,
        0,
        0,
        9,
        0,
        0,
        0,
        0,
        0,
        0
      ],
      [
        1,
        0,
        0,
        0,
        0,
        0,
        0,
        0,
        0,
        1,
        16,
        47,
        11,
        0,
        0,
        1,
        6,
        0,
        0,
        0,
        0,
        0,
        0
      ],
      [
        0,
        0,
        0,
        0,
        0,
        0,
        0,
        0,
        0,
        0,
        3,
        9,
        39,
        0,
        0,
        0,
        1,
        0,
        0,
        0,
        0,
        0,
        0
      ],
      [
        0,
        0,
        2,
        1,
        0,
        0,
        0,
        0,
        5,
        3,
        0,
        0,
        0,
        192,
        1,
        0,
        0,
        0,
        1,
        0,
        2,
        0,
        1
      ],
      [
        0,
        0,
        0,
        0,
        2,
        2,
        0,
        0,
        2,
        0,
        0,
        0,
        0,
        0,
        70,
        2,
        0,
        0,
        0,
        0,
        0,
        0,
        1
      ],
      [
        0,
        0,
        0,
        0,
        0,
        0,
        0,
        0,
        0,
        0,
        0,
        0,
        0,
        0,
        2,
        154,
        0,
        0,
        0,
        0,
        0,
