{
  "experiment_id": "01_single_resnet50_frozen_official",
  "fold": 0,
  "device": "cuda",
  "best_val_macro_f1": 0.553200841437386,
  "test": {
    "accuracy": 0.8402450518378888,
    "macro_precision": 0.5674938011419726,
    "macro_recall": 0.5637730454862568,
    "macro_f1": 0.5587565312936479,
    "per_class": {
      "0": {
        "precision": 0.14285714285714285,
        "recall": 0.125,
        "f1": 0.13333333333333333,
        "support": 8
      },
      "1": {
        "precision": 0.9758064516129032,
        "recall": 0.937984496124031,
        "f1": 0.9565217391304348,
        "support": 129
      },
      "2": {
        "precision": 0.9821428571428571,
        "recall": 0.9606986899563319,
        "f1": 0.9713024282560706,
        "support": 229
      },
      "3": {
        "precision": 0.8226600985221675,
        "recall": 0.835,
        "f1": 0.8287841191066998,
        "support": 200
      },
      "4": {
        "precision": 0.8385416666666666,
        "recall": 0.817258883248731,
        "f1": 0.8277634961439588,
        "support": 197
      },
      "5": {
        "precision": 0.0,
        "recall": 0.0,
        "f1": 0.0,
        "support": 1
      },
      "6": {
        "precision": 0.0,
        "recall": 0.0,
        "f1": 0.0,
        "support": 1
      },
      "7": {
        "precision": 0.7575757575757576,
        "recall": 0.9615384615384616,
        "f1": 0.847457627118644,
        "support": 26
      },
      "8": {
        "precision": 0.9512195121951219,
        "recall": 0.9701492537313433,
        "f1": 0.9605911330049262,
        "support": 201
      },
      "9": {
        "precision": 0.9897435897435898,
        "recall": 0.9698492462311558,
        "f1": 0.9796954314720813,
        "support": 199
      },
      "10": {
        "precision": 0.8661971830985915,
        "recall": 0.6612903225806451,
        "f1": 0.75,
        "support": 186
      },
      "11": {
        "precision": 0.4126984126984127,
        "recall": 0.65,
        "f1": 0.5048543689320388,
        "support": 80
      },
      "12": {
        "precision": 0.5535714285714286,
        "recall": 0.5961538461538461,
        "f1": 0.5740740740740741,
        "support": 52
      },
      "13": {
        "precision": 0.9945054945054945,
        "recall": 0.8829268292682927,
        "f1": 0.9354005167958657,
        "support": 205
      },
      "14": {
        "precision": 0.9473684210526315,
        "recall": 0.9230769230769231,
        "f1": 0.935064935064935,
        "support": 78
      },
      "15": {
        "precision": 1.0,
        "recall": 0.9868421052631579,
        "f1": 0.9933774834437086,
        "support": 152
      },
      "16": {
        "precision": 0.25,
        "recall": 0.1,
        "f1": 0.14285714285714285,
        "support": 10
      },
      "17": {
        "precision": 0.3333333333333333,
        "recall": 0.14285714285714285,
        "f1": 0.2,
        "support": 7
      },
      "18": {
        "precision": 0.2978723404255319,
        "recall": 0.35,
        "f1": 0.3218390804597701,
        "support": 40
      },
      "19": {
        "precision": 0.0,
        "recall": 0.0,
        "f1": 0.0,
        "support": 2
      },
      "20": {
        "precision": 0.5076923076923077,
        "recall": 0.75,
        "f1": 0.6055045871559633,
        "support": 88
      },
      "21": {
        "precision": 0.0,
        "recall": 0.0,
        "f1": 0.0,
        "support": 5
      },
      "22": {
        "precision": 0.42857142857142855,
        "recall": 0.34615384615384615,
        "f1": 0.3829787234042553,
        "support": 26
      }
    },
    "zero_support_classes": [],
    "confusion_matrix": [
      [
        1,
        0,
        0,
        0,
        0,
        0,
        0,
        0,
        0,
        0,
        1,
        2,
        3,
        0,
        0,
        0,
        0,
        0,
        0,
        0,
        1,
        0,
        0
      ],
      [
        0,
        121,
        2,
        0,
        0,
        0,
        0,
        1,
        0,
        0,
        0,
        0,
        0,
        0,
        0,
        0,
        0,
        0,
        1,
        0,
        3,
        0,
        1
      ],
      [
        0,
        2,
        220,
        0,
        0,
        0,
        0,
        7,
        0,
        0,
        0,
        0,
        0,
        0,
        0,
        0,
        0,
        0,
        0,
        0,
        0,
        0,
        0
      ],
      [
        0,
        0,
        0,
        167,
        30,
        0,
        0,
        0,
        1,
        0,
        0,
        0,
        0,
        0,
        2,
        0,
        0,
        0,
        0,
        0,
        0,
        0,
        0
      ],
      [
        0,
        1,
        0,
        34,
        161,
        0,
        0,
        0,
        1,
        0,
        0,
        0,
        0,
        0,
        0,
        0,
        0,
        0,
        0,
        0,
        0,
        0,
        0
      ],
      [
        0,
        0,
        0,
        0,
        0,
        0,
        0,
        0,
        0,
        0,
        0,
        0,
        0,
        0,
        1,
        0,
        0,
        0,
        0,
        0,
        0,
        0,
        0
      ],
      [
        0,
        0,
        0,
        0,
        0,
        0,
        0,
        0,
        0,
        0,
        0,
        0,
        0,
        0,
        0,
        0,
        0,
        0,
        0,
        0,
        1,
        0,
        0
      ],
      [
        0,
        0,
        1,
        0,
        0,
        0,
        0,
        25,
        0,
        0,
        0,
        0,
        0,
        0,
        0,
        0,
        0,
        0,
        0,
        0,
        0,
        0,
        0
      ],
      [
        0,
        0,
        0,
        0,
        0,
        0,
        0,
        0,
        195,
        0,
        0,
        0,
        0,
        0,
        0,
        0,
        0,
        0,
        4,
        0,
        2,
        0,
        0
      ],
      [
        0,
        0,
        0,
        0,
        0,
        0,
        0,
        0,
        0,
        193,
        2,
        1,
        0,
        1,
        0,
        0,
        0,
        0,
        1,
        0,
        1,
        0,
        0
      ],
      [
        3,
        0,
        0,
        0,
        0,
        0,
        0,
        0,
        0,
        1,
        123,
        49,
        7,
        0,
        0,
        0,
        2,
        0,
        0,
        0,
        1,
        0,
        0
      ],
      [
        0,
        0,
        0,
        0,
        0,
        0,
        0,
        0,
        0,
        0,
        13,
        52,
        15,
        0,
        0,
        0,
        0,
        0,
        0,
        0,
        0,
        0,
        0
      ],
      [
        1,
        0,
        0,
        0,
        0,
        0,
        0,
        0,
        0,
        1,
        0,
        18,
        31,
        0,
        0,
        0,
        1,
        0,
        0,
        0,
        0,
        0,
        0
      ],
      [
        0,
        0,
        0,
        2,
        0,
        0,
        0,
        0,
        6,
        0,
        0,
        0,
        0,
        181,
        1,
        0,
        0,
        0,
        9,
        0,
        2,
        0,
        4
      ],
      [
        0,
        0,
        0,
        0,
        1,
        0,
        0,
        0,
        0,
        0,
        0,
        0,
        0,
        0,
        72,
        0,
        0,
        0,
        0,
        0,
        5,
        0,
        0
      ],
      [
        0,
        0,
        0,
        0,
        0,
        0,
        0,
        0,
        0,
        0,
        0,
        0,
        0,
        0,
        0,
        150,
        0,
        0,
        0,
        0,
        1,
