{
  "experiment_id": "15_triple_gmu_finetune_wide_official",
  "fold": 1,
  "device": "cuda",
  "best_val_macro_f1": 0.5584865915432379,
  "test": {
    "accuracy": 0.8393025447690857,
    "macro_precision": 0.5554811956398614,
    "macro_recall": 0.585064028369244,
    "macro_f1": 0.5624918169512808,
    "per_class": {
      "0": {
        "precision": 0.0,
        "recall": 0.0,
        "f1": 0.0,
        "support": 8
      },
      "1": {
        "precision": 0.9767441860465116,
        "recall": 0.9767441860465116,
        "f1": 0.9767441860465116,
        "support": 129
      },
      "2": {
        "precision": 0.9951456310679612,
        "recall": 0.8951965065502183,
        "f1": 0.9425287356321839,
        "support": 229
      },
      "3": {
        "precision": 0.9074074074074074,
        "recall": 0.735,
        "f1": 0.8121546961325967,
        "support": 200
      },
      "4": {
        "precision": 0.7955555555555556,
        "recall": 0.9086294416243654,
        "f1": 0.8483412322274881,
        "support": 197
      },
      "5": {
        "precision": 0.0,
        "recall": 0.0,
        "f1": 0.0,
        "support": 1
      },
      "6": {
        "precision": 0.0,
        "recall": 0.0,
        "f1": 0.0,
        "support": 1
      },
      "7": {
        "precision": 0.5306122448979592,
        "recall": 1.0,
        "f1": 0.6933333333333334,
        "support": 26
      },
      "8": {
        "precision": 0.9794871794871794,
        "recall": 0.9502487562189055,
        "f1": 0.9646464646464646,
        "support": 201
      },
      "9": {
        "precision": 0.9468599033816425,
        "recall": 0.9849246231155779,
        "f1": 0.9655172413793104,
        "support": 199
      },
      "10": {
        "precision": 0.8333333333333334,
        "recall": 0.6182795698924731,
        "f1": 0.7098765432098766,
        "support": 186
      },
      "11": {
        "precision": 0.37349397590361444,
        "recall": 0.3875,
        "f1": 0.3803680981595092,
        "support": 80
      },
      "12": {
        "precision": 0.5866666666666667,
        "recall": 0.8461538461538461,
        "f1": 0.6929133858267716,
        "support": 52
      },
      "13": {
        "precision": 0.9693877551020408,
        "recall": 0.926829268292683,
        "f1": 0.9476309226932669,
        "support": 205
      },
      "14": {
        "precision": 0.9375,
        "recall": 0.9615384615384616,
        "f1": 0.9493670886075949,
        "support": 78
      },
      "15": {
        "precision": 0.9802631578947368,
        "recall": 0.9802631578947368,
        "f1": 0.9802631578947368,
        "support": 152
      },
      "16": {
        "precision": 0.06060606060606061,
        "recall": 0.2,
        "f1": 0.09302325581395349,
        "support": 10
      },
      "17": {
        "precision": 0.2,
        "recall": 0.14285714285714285,
        "f1": 0.16666666666666666,
        "support": 7
      },
      "18": {
        "precision": 0.425531914893617,
        "recall": 0.5,
        "f1": 0.45977011494252873,
        "support": 40
      },
      "19": {
        "precision": 0.0,
        "recall": 0.0,
        "f1": 0.0,
        "support": 2
      },
      "20": {
        "precision": 0.6346153846153846,
        "recall": 0.75,
        "f1": 0.6875,
        "support": 88
      },
      "21": {
        "precision": 0.0,
        "recall": 0.0,
        "f1": 0.0,
        "support": 5
      },
      "22": {
        "precision": 0.6428571428571429,
        "recall": 0.6923076923076923,
        "f1": 0.6666666666666666,
        "support": 26
      }
    },
    "zero_support_classes": [],
    "confusion_matrix": [
      [
        0,
        0,
        0,
        0,
        0,
        0,
        0,
        0,
        0,
        0,
        0,
        1,
        4,
        0,
        0,
        0,
        3,
        0,
        0,
        0,
        0,
        0,
        0
      ],
      [
        0,
        126,
        0,
        0,
        0,
        0,
        0,
        0,
        0,
        0,
        0,
        0,
        0,
        0,
        0,
        0,
        0,
        0,
        0,
        0,
        3,
        0,
        0
      ],
      [
        0,
        1,
        205,
        0,
        0,
        0,
        0,
        23,
        0,
        0,
        0,
        0,
        0,
        0,
        0,
        0,
        0,
        0,
        0,
        0,
        0,
        0,
        0
      ],
      [
        0,
        0,
        0,
        147,
        46,
        0,
        0,
        0,
        0,
        0,
        0,
        0,
        0,
        3,
        0,
        0,
        0,
        0,
        2,
        0,
        1,
        0,
        1
      ],
      [
        0,
        1,
        0,
        15,
        179,
        0,
        0,
        0,
        0,
        0,
        0,
        0,
        0,
        1,
        0,
        0,
        0,
        0,
        0,
        0,
        0,
        0,
        1
      ],
      [
        0,
        0,
        0,
        0,
        0,
        0,
        0,
        0,
        0,
        0,
        0,
        0,
        0,
        0,
        1,
        0,
        0,
        0,
        0,
        0,
        0,
        0,
        0
      ],
      [
        0,
        0,
        0,
        0,
        0,
        0,
        0,
        0,
        0,
        0,
        0,
        0,
        0,
        0,
        0,
        0,
        0,
        0,
        0,
        0,
        1,
        0,
        0
      ],
      [
        0,
        0,
        0,
        0,
        0,
        0,
        0,
        26,
        0,
        0,
        0,
        0,
        0,
        0,
        0,
        0,
        0,
        0,
        0,
        0,
        0,
        0,
        0
      ],
      [
        0,
        1,
        0,
        0,
        0,
        0,
        0,
        0,
        191,
        0,
        0,
        0,
        0,
        1,
        0,
        0,
        0,
        1,
        2,
        0,
        5,
        0,
        0
      ],
      [
        0,
        0,
        0,
        0,
        0,
        0,
        0,
        0,
        0,
        196,
        1,
        0,
        0,
        0,
        0,
        2,
        0,
        0,
        0,
        0,
        0,
        0,
        0
      ],
      [
        2,
        0,
        0,
        0,
        0,
        0,
        0,
        0,
        0,
        3,
        115,
        45,
        6,
        0,
        0,
        0,
        15,
        0,
        0,
        0,
        0,
        0,
        0
      ],
      [
        1,
        0,
        0,
        0,
        0,
        0,
        0,
        0,
        0,
        1,
        20,
        31,
        17,
        0,
        0,
        0,
        10,
        0,
        0,
        0,
        0,
        0,
        0
      ],
      [
        0,
        0,
        0,
        0,
        0,
        0,
        0,
        0,
        0,
        0,
        1,
        4,
        44,
        0,
        0,
        0,
        3,
        0,
        0,
        0,
        0,
        0,
        0
      ],
      [
        0,
        0,
        1,
        0,
        0,
        0,
        0,
        0,
        2,
        3,
        0,
        0,
        0,
        190,
        3,
        1,
        0,
        0,
        3,
        0,
        2,
        0,
        0
      ],
      [
        0,
        0,
        0,
        0,
        0,
        2,
        0,
        0,
        0,
        0,
        0,
        0,
        0,
        0,
        75,
        0,
        0,
        1,
        0,
        0,
        0,
        0,
        0
      ],
      [
        0,
        0,
        0,
        0,
        0,
        0,
        0,
        0,
        0,
        2,
        0,
        0,
        0,
        0,
        1,
        149,
        0,
        0,
        0,
        0,
        0,
        0,
        0
