{
  "experiment_id": "10_triple_concat_finetune_wide_official",
  "fold": 2,
  "device": "cuda",
  "best_val_macro_f1": 0.5851959011482908,
  "test": {
    "accuracy": 0.8595664467483506,
    "macro_precision": 0.5635078628279635,
    "macro_recall": 0.5859226968621684,
    "macro_f1": 0.569913439983529,
    "per_class": {
      "0": {
        "precision": 0.0,
        "recall": 0.0,
        "f1": 0.0,
        "support": 8
      },
      "1": {
        "precision": 0.984251968503937,
        "recall": 0.9689922480620154,
        "f1": 0.9765625,
        "support": 129
      },
      "2": {
        "precision": 0.9953488372093023,
        "recall": 0.9344978165938864,
        "f1": 0.963963963963964,
        "support": 229
      },
      "3": {
        "precision": 0.8894230769230769,
        "recall": 0.925,
        "f1": 0.9068627450980392,
        "support": 200
      },
      "4": {
        "precision": 0.9398907103825137,
        "recall": 0.8730964467005076,
        "f1": 0.9052631578947369,
        "support": 197
      },
      "5": {
        "precision": 0.0,
        "recall": 0.0,
        "f1": 0.0,
        "support": 1
      },
      "6": {
        "precision": 0.0,
        "recall": 0.0,
        "f1": 0.0,
        "support": 1
      },
      "7": {
        "precision": 0.6842105263157895,
        "recall": 1.0,
        "f1": 0.8125,
        "support": 26
      },
      "8": {
        "precision": 0.9162790697674419,
        "recall": 0.9800995024875622,
        "f1": 0.9471153846153846,
        "support": 201
      },
      "9": {
        "precision": 0.9753694581280788,
        "recall": 0.9949748743718593,
        "f1": 0.9850746268656716,
        "support": 199
      },
      "10": {
        "precision": 0.8859060402684564,
        "recall": 0.7096774193548387,
        "f1": 0.7880597014925373,
        "support": 186
      },
      "11": {
        "precision": 0.391304347826087,
        "recall": 0.5625,
        "f1": 0.46153846153846156,
        "support": 80
      },
      "12": {
        "precision": 0.6610169491525424,
        "recall": 0.75,
        "f1": 0.7027027027027027,
        "support": 52
      },
      "13": {
        "precision": 0.9629629629629629,
        "recall": 0.8878048780487805,
        "f1": 0.9238578680203046,
        "support": 205
      },
      "14": {
        "precision": 0.8152173913043478,
        "recall": 0.9615384615384616,
        "f1": 0.8823529411764706,
        "support": 78
      },
      "15": {
        "precision": 0.9867549668874173,
        "recall": 0.9802631578947368,
        "f1": 0.9834983498349835,
        "support": 152
      },
      "16": {
        "precision": 0.0,
        "recall": 0.0,
        "f1": 0.0,
        "support": 10
      },
      "17": {
        "precision": 0.3333333333333333,
        "recall": 0.2857142857142857,
        "f1": 0.3076923076923077,
        "support": 7
      },
      "18": {
        "precision": 0.3333333333333333,
        "recall": 0.225,
        "f1": 0.26865671641791045,
        "support": 40
      },
      "19": {
        "precision": 0.0,
        "recall": 0.0,
        "f1": 0.0,
        "support": 2
      },
      "20": {
        "precision": 0.6419753086419753,
        "recall": 0.5909090909090909,
        "f1": 0.6153846153846154,
        "support": 88
      },
      "21": {
        "precision": 0.0,
        "recall": 0.0,
        "f1": 0.0,
        "support": 5
      },
      "22": {
        "precision": 0.5641025641025641,
        "recall": 0.8461538461538461,
        "f1": 0.676923076923077,
        "support": 26
      }
    },
    "zero_support_classes": [],
    "confusion_matrix": [
      [
        0,
        0,
        0,
        0,
        0,
        0,
        0,
        0,
        0,
        0,
        2,
        3,
        0,
        0,
        0,
        0,
        3,
        0,
        0,
        0,
        0,
        0,
        0
      ],
      [
        0,
        125,
        0,
        0,
        0,
        0,
        0,
        0,
        2,
        0,
        0,
        0,
        0,
        0,
        0,
        0,
        0,
        0,
        1,
        0,
        0,
        0,
        1
      ],
      [
        0,
        2,
        214,
        0,
        0,
        0,
        0,
        12,
        0,
        0,
        0,
        0,
        0,
        0,
        0,
        0,
        0,
        0,
        0,
        0,
        1,
        0,
        0
      ],
      [
        0,
        0,
        0,
        185,
        11,
        0,
        0,
        0,
        1,
        0,
        0,
        0,
        0,
        3,
        0,
        0,
        0,
        0,
        0,
        0,
        0,
        0,
        0
      ],
      [
        0,
        0,
        1,
        23,
        172,
        0,
        1,
        0,
        0,
        0,
        0,
        0,
        0,
        0,
        0,
        0,
        0,
        0,
        0,
        0,
        0,
        0,
        0
      ],
      [
        0,
        0,
        0,
        0,
        0,
        0,
        0,
        0,
        0,
        0,
        0,
        0,
        0,
        0,
        1,
        0,
        0,
        0,
        0,
        0,
        0,
        0,
        0
      ],
      [
        0,
        0,
        0,
        0,
        0,
        0,
        0,
        0,
        0,
        0,
        0,
        0,
        0,
        0,
        0,
        0,
        0,
        0,
        0,
        0,
        1,
        0,
        0
      ],
      [
        0,
        0,
        0,
        0,
        0,
        0,
        0,
        26,
        0,
        0,
        0,
        0,
        0,
        0,
        0,
        0,
        0,
        0,
        0,
        0,
        0,
        0,
        0
      ],
      [
        0,
        0,
        0,
        0,
        0,
        0,
        0,
        0,
        197,
        0,
        0,
        0,
        0,
        1,
        0,
        0,
        0,
        0,
        1,
        0,
        2,
        0,
        0
      ],
      [
        0,
        0,
        0,
        0,
        0,
        0,
        0,
        0,
        0,
        198,
        0,
        0,
        0,
        0,
        0,
        1,
        0,
        0,
        0,
        0,
        0,
        0,
        0
      ],
      [
        0,
        0,
        0,
        0,
        0,
        0,
        0,
        0,
        0,
        0,
        132,
        49,
        1,
        0,
        0,
        0,
        4,
        0,
        0,
        0,
        0,
        0,
        0
      ],
      [
        0,
        0,
        0,
        0,
        0,
        0,
        0,
        0,
        0,
        0,
        11,
        45,
        17,
        0,
        0,
        0,
        7,
        0,
        0,
        0,
        0,
        0,
        0
      ],
      [
        0,
        0,
        0,
        0,
        0,
        0,
        0,
        0,
        0,
        0,
        2,
        10,
        39,
        0,
        0,
        0,
        1,
        0,
        0,
        0,
        0,
        0,
        0
      ],
      [
        0,
        0,
        0,
        0,
        0,
        0,
        0,
        0,
        3,
        4,
        1,
        0,
        0,
        182,
        11,
        1,
        0,
        1,
        1,
        0,
        0,
        0,
        1
      ],
      [
        0,
        0,
        0,
        0,
        0,
        1,
        0,
        0,
        1,
        0,
        0,
        0,
        0,
        0,
        75,
        0,
        0,
        0,
        0,
        0,
        1,
        0,
        0
      ],
      [
        0,
        0,
        0,
        0,
        0,
        0,
        0,
        0,
        0,
        0,
        0,
        0,
        0,
        0,
        3,
        149,
        0,
        0,
        0,
        0,
        0,
        0,
        0
      ],
      [
