{
  "experiment_id": "15_triple_gmu_finetune_wide_official",
  "fold": 4,
  "device": "cuda",
  "best_val_macro_f1": 0.5648259303919957,
  "test": {
    "accuracy": 0.8532658693652254,
    "macro_precision": 0.5665604961083621,
    "macro_recall": 0.5980166882478728,
    "macro_f1": 0.575296349235517,
    "per_class": {
      "0": {
        "precision": 0.0,
        "recall": 0.0,
        "f1": 0.0,
        "support": 9
      },
      "1": {
        "precision": 0.9844961240310077,
        "recall": 0.9769230769230769,
        "f1": 0.9806949806949807,
        "support": 130
      },
      "2": {
        "precision": 0.9954337899543378,
        "recall": 0.9396551724137931,
        "f1": 0.9667405764966741,
        "support": 232
      },
      "3": {
        "precision": 0.9270833333333334,
        "recall": 0.8811881188118812,
        "f1": 0.9035532994923858,
        "support": 202
      },
      "4": {
        "precision": 0.8867924528301887,
        "recall": 0.9353233830845771,
        "f1": 0.910411622276029,
        "support": 201
      },
      "5": {
        "precision": 0.2,
        "recall": 0.5,
        "f1": 0.2857142857142857,
        "support": 2
      },
      "6": {
        "precision": 0.0,
        "recall": 0.0,
        "f1": 0.0,
        "support": 5
      },
      "7": {
        "precision": 0.6923076923076923,
        "recall": 1.0,
        "f1": 0.8181818181818182,
        "support": 27
      },
      "8": {
        "precision": 0.9436619718309859,
        "recall": 0.9804878048780488,
        "f1": 0.9617224880382775,
        "support": 205
      },
      "9": {
        "precision": 0.970873786407767,
        "recall": 0.9852216748768473,
        "f1": 0.9779951100244498,
        "support": 203
      },
      "10": {
        "precision": 0.8145695364238411,
        "recall": 0.6542553191489362,
        "f1": 0.7256637168141593,
        "support": 188
      },
      "11": {
        "precision": 0.29411764705882354,
        "recall": 0.3614457831325301,
        "f1": 0.32432432432432434,
        "support": 83
      },
      "12": {
        "precision": 0.5316455696202531,
        "recall": 0.8076923076923077,
        "f1": 0.6412213740458015,
        "support": 52
      },
      "13": {
        "precision": 0.98989898989899,
        "recall": 0.9423076923076923,
        "f1": 0.9655172413793104,
        "support": 208
      },
      "14": {
        "precision": 0.9012345679012346,
        "recall": 0.9240506329113924,
        "f1": 0.9125,
        "support": 79
      },
      "15": {
        "precision": 0.9807692307692307,
        "recall": 0.9807692307692307,
        "f1": 0.9807692307692307,
        "support": 156
      },
      "16": {
        "precision": 0.125,
        "recall": 0.07692307692307693,
        "f1": 0.09523809523809523,
        "support": 13
      },
      "17": {
        "precision": 0.125,
        "recall": 0.14285714285714285,
        "f1": 0.13333333333333333,
        "support": 7
      },
      "18": {
        "precision": 0.39622641509433965,
        "recall": 0.5121951219512195,
        "f1": 0.44680851063829785,
        "support": 41
      },
      "19": {
        "precision": 0.0,
        "recall": 0.0,
        "f1": 0.0,
        "support": 3
      },
      "20": {
        "precision": 0.6354166666666666,
        "recall": 0.6703296703296703,
        "f1": 0.6524064171122995,
        "support": 91
      },
      "21": {
        "precision": 0.0,
        "recall": 0.0,
        "f1": 0.0,
        "support": 8
      },
      "22": {
        "precision": 0.6363636363636364,
        "recall": 0.4827586206896552,
        "f1": 0.5490196078431373,
        "support": 29
      }
    },
    "zero_support_classes": [],
    "confusion_matrix": [
      [
        0,
        0,
        0,
        0,
        0,
        0,
        0,
        0,
        0,
        0,
        3,
        2,
        3,
        0,
        0,
        0,
        1,
        0,
        0,
        0,
        0,
        0,
        0
      ],
      [
        0,
        127,
        1,
        0,
        0,
        0,
        0,
        0,
        0,
        0,
        0,
        0,
        0,
        0,
        0,
        0,
        0,
        0,
        0,
        0,
        2,
        0,
        0
      ],
      [
        0,
        2,
        218,
        0,
        0,
        0,
        0,
        12,
        0,
        0,
        0,
        0,
        0,
        0,
        0,
        0,
        0,
        0,
        0,
        0,
        0,
        0,
        0
      ],
      [
        0,
        0,
        0,
        178,
        24,
        0,
        0,
        0,
        0,
        0,
        0,
        0,
        0,
        0,
        0,
        0,
        0,
        0,
        0,
        0,
        0,
        0,
        0
      ],
      [
        0,
        0,
        0,
        13,
        188,
        0,
        0,
        0,
        0,
        0,
        0,
        0,
        0,
        0,
        0,
        0,
        0,
        0,
        0,
        0,
        0,
        0,
        0
      ],
      [
        0,
        0,
        0,
        0,
        0,
        1,
        0,
        0,
        0,
        0,
        0,
        0,
        0,
        0,
        1,
        0,
        0,
        0,
        0,
        0,
        0,
        0,
        0
      ],
      [
        0,
        0,
        0,
        0,
        0,
        0,
        0,
        0,
        1,
        0,
        0,
        0,
        0,
        0,
        0,
        0,
        0,
        0,
        1,
        0,
        2,
        0,
        1
      ],
      [
        0,
        0,
        0,
        0,
        0,
        0,
        0,
        27,
        0,
        0,
        0,
        0,
        0,
        0,
        0,
        0,
        0,
        0,
        0,
        0,
        0,
        0,
        0
      ],
      [
        0,
        0,
        0,
        0,
        0,
        0,
        0,
        0,
        201,
        0,
        0,
        0,
        0,
        0,
        0,
        0,
        0,
        0,
        4,
        0,
        0,
        0,
        0
      ],
      [
        0,
        0,
        0,
        0,
        0,
        0,
        0,
        0,
        0,
        200,
        1,
        0,
        0,
        0,
        0,
        2,
        0,
        0,
        0,
        0,
        0,
        0,
        0
      ],
      [
        0,
        0,
        0,
        0,
        0,
        0,
        0,
        0,
        0,
        1,
        123,
        56,
        5,
        0,
        0,
        0,
        3,
        0,
        0,
        0,
        0,
        0,
        0
      ],
      [
        1,
        0,
        0,
        0,
        0,
        0,
        0,
        0,
        0,
        2,
        22,
        30,
        26,
        0,
        0,
        0,
        2,
        0,
        0,
        0,
        0,
        0,
        0
      ],
      [
        0,
        0,
        0,
        0,
        0,
        0,
        0,
        0,
        0,
        0,
        1,
        8,
        42,
        0,
        0,
        0,
        1,
        0,
        0,
        0,
        0,
        0,
        0
      ],
      [
        0,
        0,
        0,
        1,
        0,
        0,
        0,
        0,
        4,
        3,
        0,
        0,
        0,
        196,
        2,
        0,
        0,
        1,
        0,
        0,
        1,
        0,
        0
      ],
      [
        0,
        0,
        0,
        0,
        0,
        4,
        0,
        0,
        0,
        0,
        0,
        0,
        0,
        0,
        73,
        1,
        0,
        0,
        0,
        0,
        0,
        0,
        1
      ],
      [
        0,
        0,
        0,
        0,
        0,
        0,
        0,
        0,
        0,
        0,
        0,
        0,
        0,
        0,
        3,
