{
  "experiment_id": "06_pair_r_e_concat_frozen_official",
  "fold": 0,
  "device": "cuda",
  "best_val_macro_f1": 0.6006554214938673,
  "test": {
    "accuracy": 0.8388312912346843,
    "macro_precision": 0.5557946491499138,
    "macro_recall": 0.5693934430247714,
    "macro_f1": 0.5464128714531205,
    "per_class": {
      "0": {
        "precision": 0.0,
        "recall": 0.0,
        "f1": 0.0,
        "support": 8
      },
      "1": {
        "precision": 0.924812030075188,
        "recall": 0.9534883720930233,
        "f1": 0.9389312977099237,
        "support": 129
      },
      "2": {
        "precision": 0.9730941704035875,
        "recall": 0.9475982532751092,
        "f1": 0.9601769911504425,
        "support": 229
      },
      "3": {
        "precision": 0.7787234042553192,
        "recall": 0.915,
        "f1": 0.8413793103448276,
        "support": 200
      },
      "4": {
        "precision": 0.9056603773584906,
        "recall": 0.7309644670050761,
        "f1": 0.8089887640449438,
        "support": 197
      },
      "5": {
        "precision": 0.0,
        "recall": 0.0,
        "f1": 0.0,
        "support": 1
      },
      "6": {
        "precision": 0.0,
        "recall": 0.0,
        "f1": 0.0,
        "support": 1
      },
      "7": {
        "precision": 0.7352941176470589,
        "recall": 0.9615384615384616,
        "f1": 0.8333333333333334,
        "support": 26
      },
      "8": {
        "precision": 0.9509803921568627,
        "recall": 0.9651741293532339,
        "f1": 0.9580246913580247,
        "support": 201
      },
      "9": {
        "precision": 0.9611650485436893,
        "recall": 0.9949748743718593,
        "f1": 0.9777777777777777,
        "support": 199
      },
      "10": {
        "precision": 0.7978723404255319,
        "recall": 0.8064516129032258,
        "f1": 0.8021390374331551,
        "support": 186
      },
      "11": {
        "precision": 0.46153846153846156,
        "recall": 0.075,
        "f1": 0.12903225806451613,
        "support": 80
      },
      "12": {
        "precision": 0.44660194174757284,
        "recall": 0.8846153846153846,
        "f1": 0.5935483870967742,
        "support": 52
      },
      "13": {
        "precision": 0.9747474747474747,
        "recall": 0.9414634146341463,
        "f1": 0.9578163771712159,
        "support": 205
      },
      "14": {
        "precision": 0.9615384615384616,
        "recall": 0.9615384615384616,
        "f1": 0.9615384615384616,
        "support": 78
      },
      "15": {
        "precision": 1.0,
        "recall": 1.0,
        "f1": 1.0,
        "support": 152
      },
      "16": {
        "precision": 0.17647058823529413,
        "recall": 0.3,
        "f1": 0.2222222222222222,
        "support": 10
      },
      "17": {
        "precision": 0.3333333333333333,
        "recall": 0.14285714285714285,
        "f1": 0.2,
        "support": 7
      },
      "18": {
        "precision": 0.3333333333333333,
        "recall": 0.525,
        "f1": 0.4077669902912621,
        "support": 40
      },
      "19": {
        "precision": 0.0,
        "recall": 0.0,
        "f1": 0.0,
        "support": 2
      },
      "20": {
        "precision": 0.6470588235294118,
        "recall": 0.375,
        "f1": 0.4748201438848921,
        "support": 88
      },
      "21": {
        "precision": 0.0,
        "recall": 0.0,
        "f1": 0.0,
        "support": 5
      },
      "22": {
        "precision": 0.42105263157894735,
        "recall": 0.6153846153846154,
        "f1": 0.5,
        "support": 26
      }
    },
    "zero_support_classes": [],
    "confusion_matrix": [
      [
        0,
        0,
        0,
        0,
        0,
        0,
        0,
        0,
        0,
        1,
        2,
        1,
        3,
        0,
        0,
        0,
        1,
        0,
        0,
        0,
        0,
        0,
        0
      ],
      [
        0,
        123,
        0,
        0,
        0,
        0,
        0,
        1,
        0,
        0,
        0,
        0,
        0,
        0,
        0,
        0,
        0,
        0,
        0,
        0,
        2,
        1,
        2
      ],
      [
        0,
        4,
        217,
        0,
        0,
        0,
        0,
        8,
        0,
        0,
        0,
        0,
        0,
        0,
        0,
        0,
        0,
        0,
        0,
        0,
        0,
        0,
        0
      ],
      [
        0,
        0,
        0,
        183,
        15,
        0,
        0,
        0,
        0,
        0,
        0,
        0,
        0,
        1,
        0,
        0,
        0,
        0,
        1,
        0,
        0,
        0,
        0
      ],
      [
        0,
        0,
        0,
        51,
        144,
        0,
        0,
        0,
        2,
        0,
        0,
        0,
        0,
        0,
        0,
        0,
        0,
        0,
        0,
        0,
        0,
        0,
        0
      ],
      [
        0,
        0,
        0,
        0,
        0,
        0,
        0,
        0,
        0,
        0,
        0,
        0,
        0,
        0,
        1,
        0,
        0,
        0,
        0,
        0,
        0,
        0,
        0
      ],
      [
        0,
        0,
        0,
        0,
        0,
        0,
        0,
        0,
        0,
        0,
        0,
        0,
        0,
        0,
        0,
        0,
        0,
        0,
        0,
        0,
        1,
        0,
        0
      ],
      [
        0,
        0,
        1,
        0,
        0,
        0,
        0,
        25,
        0,
        0,
        0,
        0,
        0,
        0,
        0,
        0,
        0,
        0,
        0,
        0,
        0,
        0,
        0
      ],
      [
        0,
        2,
        0,
        0,
        0,
        0,
        0,
        0,
        194,
        0,
        0,
        0,
        0,
        1,
        0,
        0,
        0,
        0,
        2,
        0,
        2,
        0,
        0
      ],
      [
        0,
        0,
        0,
        0,
        0,
        0,
        0,
        0,
        0,
        198,
        0,
        0,
        0,
        1,
        0,
        0,
        0,
        0,
        0,
        0,
        0,
        0,
        0
      ],
      [
        8,
        0,
        0,
        0,
        0,
        0,
        0,
        0,
        0,
        3,
        150,
        4,
        13,
        0,
        0,
        0,
        8,
        0,
        0,
        0,
        0,
        0,
        0
      ],
      [
        2,
        0,
        0,
        0,
        0,
        0,
        0,
        0,
        0,
        0,
        31,
        6,
        36,
        0,
        0,
        0,
        5,
        0,
        0,
        0,
        0,
        0,
        0
      ],
      [
        0,
        0,
        0,
        0,
        0,
        0,
        0,
        0,
        0,
        1,
        3,
        2,
        46,
        0,
        0,
        0,
        0,
        0,
        0,
        0,
        0,
        0,
        0
      ],
      [
        0,
        0,
        0,
        0,
        0,
        0,
        0,
        0,
        2,
        3,
        0,
        0,
        0,
        193,
        1,
        0,
        0,
        0,
        3,
        0,
        1,
        1,
        1
      ],
      [
        0,
        0,
        0,
        0,
        0,
        3,
        0,
        0,
        0,
        0,
        0,
        0,
        0,
        0,
        75,
        0,
        0,
        0,
        0,
        0,
        0,
        0,
        0
      ],
      [
        0,
        0,
        0,
        0,
        0,
        0,
        0,
        0,
        0,
        0,
        0,
        0,
        0,
        0,
        0,
        152,
        0,
        0,
        0,
        0,
        0,
        0,
        0
      ],
      [
        2,
