{
  "experiment_id": "03_single_efficientnetb0_frozen_official",
  "fold": 0,
  "device": "cuda",
  "best_val_macro_f1": 0.5688471268351064,
  "test": {
    "accuracy": 0.8590951932139491,
    "macro_precision": 0.5690120328211957,
    "macro_recall": 0.5656938348169521,
    "macro_f1": 0.5585899908948067,
    "per_class": {
      "0": {
        "precision": 0.0,
        "recall": 0.0,
        "f1": 0.0,
        "support": 8
      },
      "1": {
        "precision": 0.984,
        "recall": 0.9534883720930233,
        "f1": 0.968503937007874,
        "support": 129
      },
      "2": {
        "precision": 0.9820627802690582,
        "recall": 0.9563318777292577,
        "f1": 0.9690265486725663,
        "support": 229
      },
      "3": {
        "precision": 0.9042553191489362,
        "recall": 0.85,
        "f1": 0.8762886597938144,
        "support": 200
      },
      "4": {
        "precision": 0.8544600938967136,
        "recall": 0.9238578680203046,
        "f1": 0.8878048780487805,
        "support": 197
      },
      "5": {
        "precision": 0.0,
        "recall": 0.0,
        "f1": 0.0,
        "support": 1
      },
      "6": {
        "precision": 0.0,
        "recall": 0.0,
        "f1": 0.0,
        "support": 1
      },
      "7": {
        "precision": 0.7352941176470589,
        "recall": 0.9615384615384616,
        "f1": 0.8333333333333334,
        "support": 26
      },
      "8": {
        "precision": 0.9371980676328503,
        "recall": 0.9651741293532339,
        "f1": 0.9509803921568627,
        "support": 201
      },
      "9": {
        "precision": 0.9846938775510204,
        "recall": 0.9698492462311558,
        "f1": 0.9772151898734177,
        "support": 199
      },
      "10": {
        "precision": 0.7976878612716763,
        "recall": 0.7419354838709677,
        "f1": 0.7688022284122563,
        "support": 186
      },
      "11": {
        "precision": 0.36496350364963503,
        "recall": 0.625,
        "f1": 0.4608294930875576,
        "support": 80
      },
      "12": {
        "precision": 0.875,
        "recall": 0.40384615384615385,
        "f1": 0.5526315789473685,
        "support": 52
      },
      "13": {
        "precision": 0.965,
        "recall": 0.9414634146341463,
        "f1": 0.9530864197530864,
        "support": 205
      },
      "14": {
        "precision": 0.9506172839506173,
        "recall": 0.9871794871794872,
        "f1": 0.9685534591194969,
        "support": 78
      },
      "15": {
        "precision": 1.0,
        "recall": 1.0,
        "f1": 1.0,
        "support": 152
      },
      "16": {
        "precision": 0.25,
        "recall": 0.1,
        "f1": 0.14285714285714285,
        "support": 10
      },
      "17": {
        "precision": 0.0,
        "recall": 0.0,
        "f1": 0.0,
        "support": 7
      },
      "18": {
        "precision": 0.3695652173913043,
        "recall": 0.425,
        "f1": 0.3953488372093023,
        "support": 40
      },
      "19": {
        "precision": 0.0,
        "recall": 0.0,
        "f1": 0.0,
        "support": 2
      },
      "20": {
        "precision": 0.7222222222222222,
        "recall": 0.5909090909090909,
        "f1": 0.65,
        "support": 88
      },
      "21": {
        "precision": 0.0,
        "recall": 0.0,
        "f1": 0.0,
        "support": 5
      },
      "22": {
        "precision": 0.41025641025641024,
        "recall": 0.6153846153846154,
        "f1": 0.49230769230769234,
        "support": 26
      }
    },
    "zero_support_classes": [],
    "confusion_matrix": [
      [
        0,
        0,
        0,
        0,
        0,
        0,
        0,
        0,
        0,
        0,
        2,
        5,
        1,
        0,
        0,
        0,
        0,
        0,
        0,
        0,
        0,
        0,
        0
      ],
      [
        0,
        123,
        0,
        0,
        0,
        0,
        0,
        1,
        0,
        0,
        0,
        0,
        0,
        0,
        0,
        0,
        0,
        0,
        0,
        0,
        2,
        1,
        2
      ],
      [
        0,
        2,
        219,
        0,
        0,
        0,
        0,
        8,
        0,
        0,
        0,
        0,
        0,
        0,
        0,
        0,
        0,
        0,
        0,
        0,
        0,
        0,
        0
      ],
      [
        0,
        0,
        0,
        170,
        29,
        0,
        0,
        0,
        0,
        0,
        0,
        0,
        0,
        1,
        0,
        0,
        0,
        0,
        0,
        0,
        0,
        0,
        0
      ],
      [
        0,
        0,
        0,
        15,
        182,
        0,
        0,
        0,
        0,
        0,
        0,
        0,
        0,
        0,
        0,
        0,
        0,
        0,
        0,
        0,
        0,
        0,
        0
      ],
      [
        0,
        0,
        0,
        0,
        0,
        0,
        0,
        0,
        0,
        0,
        0,
        0,
        0,
        0,
        1,
        0,
        0,
        0,
        0,
        0,
        0,
        0,
        0
      ],
      [
        0,
        0,
        0,
        0,
        0,
        0,
        0,
        0,
        0,
        0,
        0,
        0,
        0,
        0,
        0,
        0,
        0,
        0,
        0,
        0,
        1,
        0,
        0
      ],
      [
        0,
        0,
        1,
        0,
        0,
        0,
        0,
        25,
        0,
        0,
        0,
        0,
        0,
        0,
        0,
        0,
        0,
        0,
        0,
        0,
        0,
        0,
        0
      ],
      [
        0,
        0,
        0,
        1,
        1,
        0,
        0,
        0,
        194,
        0,
        0,
        0,
        0,
        0,
        0,
        0,
        0,
        0,
        4,
        0,
        1,
        0,
        0
      ],
      [
        0,
        0,
        0,
        0,
        0,
        0,
        0,
        0,
        0,
        193,
        2,
        2,
        0,
        1,
        0,
        0,
        1,
        0,
        0,
        0,
        0,
        0,
        0
      ],
      [
        1,
        0,
        0,
        0,
        0,
        0,
        0,
        0,
        0,
        1,
        138,
        44,
        0,
        0,
        0,
        0,
        1,
        0,
        0,
        0,
        0,
        0,
        1
      ],
      [
        1,
        0,
        0,
        0,
        0,
        0,
        0,
        0,
        0,
        0,
        26,
        50,
        2,
        0,
        0,
        0,
        1,
        0,
        0,
        0,
        0,
        0,
        0
      ],
      [
        0,
        0,
        0,
        0,
        0,
        0,
        0,
        0,
        0,
        0,
        3,
        27,
        21,
        0,
        0,
        0,
        0,
        0,
        0,
        0,
        0,
        0,
        1
      ],
      [
        0,
        0,
        0,
        0,
        0,
        0,
        0,
        0,
        5,
        2,
        0,
        1,
        0,
        193,
        2,
        0,
        0,
        0,
        1,
        0,
        0,
        0,
        1
      ],
      [
        0,
        0,
        0,
        0,
        0,
        0,
        0,
        0,
        0,
        0,
        0,
        0,
        0,
        0,
        77,
        0,
        0,
        0,
        0,
        0,
        0,
        0,
        1
      ],
      [
        0,
        0,
        0,
        0,
        0,
        0,
        0,
        0,
        0,
        0,
        0,
        0,
        0,
        0,
        0,
        152,
        0,
        0,
        0,
        0,
        0,
        0,
        0
      ],
      [
        0,
        0,
        0,
        0,
        0,
        0,
