{
  "experiment_id": "11_triple_weighted_finetune_wide_official",
  "fold": 1,
  "device": "cuda",
  "best_val_macro_f1": 0.5738613487564008,
  "test": {
    "accuracy": 0.8633364750235627,
    "macro_precision": 0.5983169210554166,
    "macro_recall": 0.6466743935878965,
    "macro_f1": 0.6014221801551554,
    "per_class": {
      "0": {
        "precision": 0.12,
        "recall": 0.75,
        "f1": 0.20689655172413793,
        "support": 8
      },
      "1": {
        "precision": 1.0,
        "recall": 0.9689922480620154,
        "f1": 0.984251968503937,
        "support": 129
      },
      "2": {
        "precision": 1.0,
        "recall": 0.8995633187772926,
        "f1": 0.9471264367816092,
        "support": 229
      },
      "3": {
        "precision": 0.8803827751196173,
        "recall": 0.92,
        "f1": 0.8997555012224939,
        "support": 200
      },
      "4": {
        "precision": 0.9193548387096774,
        "recall": 0.868020304568528,
        "f1": 0.8929503916449086,
        "support": 197
      },
      "5": {
        "precision": 0.0,
        "recall": 0.0,
        "f1": 0.0,
        "support": 1
      },
      "6": {
        "precision": 0.0,
        "recall": 0.0,
        "f1": 0.0,
        "support": 1
      },
      "7": {
        "precision": 0.5306122448979592,
        "recall": 1.0,
        "f1": 0.6933333333333334,
        "support": 26
      },
      "8": {
        "precision": 0.9702970297029703,
        "recall": 0.9751243781094527,
        "f1": 0.9727047146401985,
        "support": 201
      },
      "9": {
        "precision": 0.943127962085308,
        "recall": 1.0,
        "f1": 0.9707317073170731,
        "support": 199
      },
      "10": {
        "precision": 0.844311377245509,
        "recall": 0.7580645161290323,
        "f1": 0.7988668555240793,
        "support": 186
      },
      "11": {
        "precision": 0.5147058823529411,
        "recall": 0.4375,
        "f1": 0.47297297297297297,
        "support": 80
      },
      "12": {
        "precision": 0.95,
        "recall": 0.7307692307692307,
        "f1": 0.8260869565217391,
        "support": 52
      },
      "13": {
        "precision": 0.9896373056994818,
        "recall": 0.9317073170731708,
        "f1": 0.9597989949748744,
        "support": 205
      },
      "14": {
        "precision": 0.927710843373494,
        "recall": 0.9871794871794872,
        "f1": 0.9565217391304348,
        "support": 78
      },
      "15": {
        "precision": 0.9931972789115646,
        "recall": 0.9605263157894737,
        "f1": 0.9765886287625418,
        "support": 152
      },
      "16": {
        "precision": 0.1,
        "recall": 0.1,
        "f1": 0.1,
        "support": 10
      },
      "17": {
        "precision": 0.2857142857142857,
        "recall": 0.2857142857142857,
        "f1": 0.2857142857142857,
        "support": 7
      },
      "18": {
        "precision": 0.46511627906976744,
        "recall": 0.5,
        "f1": 0.4819277108433735,
        "support": 40
      },
      "19": {
        "precision": 0.0,
        "recall": 0.0,
        "f1": 0.0,
        "support": 2
      },
      "20": {
        "precision": 0.6885245901639344,
        "recall": 0.4772727272727273,
        "f1": 0.5637583892617449,
        "support": 88
      },
      "21": {
        "precision": 0.10526315789473684,
        "recall": 0.4,
        "f1": 0.16666666666666666,
        "support": 5
      },
      "22": {
        "precision": 0.5333333333333333,
        "recall": 0.9230769230769231,
        "f1": 0.676056338028169,
        "support": 26
      }
    },
    "zero_support_classes": [],
    "confusion_matrix": [
      [
        6,
        0,
        0,
        0,
        0,
        0,
        0,
        0,
        0,
        0,
        0,
        1,
        0,
        0,
        0,
        0,
        1,
        0,
        0,
        0,
        0,
        0,
        0
      ],
      [
        0,
        125,
        0,
        0,
        0,
        0,
        0,
        0,
        1,
        0,
        0,
        0,
        0,
        0,
        0,
        0,
        0,
        0,
        1,
        0,
        1,
        0,
        1
      ],
      [
        0,
        0,
        206,
        0,
        0,
        0,
        0,
        23,
        0,
        0,
        0,
        0,
        0,
        0,
        0,
        0,
        0,
        0,
        0,
        0,
        0,
        0,
        0
      ],
      [
        0,
        0,
        0,
        184,
        15,
        0,
        0,
        0,
        0,
        0,
        0,
        0,
        0,
        0,
        0,
        0,
        0,
        0,
        0,
        0,
        0,
        0,
        1
      ],
      [
        0,
        0,
        0,
        25,
        171,
        0,
        0,
        0,
        1,
        0,
        0,
        0,
        0,
        0,
        0,
        0,
        0,
        0,
        0,
        0,
        0,
        0,
        0
      ],
      [
        0,
        0,
        0,
        0,
        0,
        0,
        0,
        0,
        0,
        0,
        0,
        0,
        0,
        0,
        1,
        0,
        0,
        0,
        0,
        0,
        0,
        0,
        0
      ],
      [
        0,
        0,
        0,
        0,
        0,
        0,
        0,
        0,
        0,
        0,
        0,
        0,
        0,
        0,
        0,
        0,
        0,
        0,
        1,
        0,
        0,
        0,
        0
      ],
      [
        0,
        0,
        0,
        0,
        0,
        0,
        0,
        26,
        0,
        0,
        0,
        0,
        0,
        0,
        0,
        0,
        0,
        0,
        0,
        0,
        0,
        0,
        0
      ],
      [
        0,
        0,
        0,
        0,
        0,
        0,
        0,
        0,
        196,
        0,
        0,
        0,
        0,
        1,
        0,
        0,
        0,
        0,
        3,
        0,
        0,
        1,
        0
      ],
      [
        0,
        0,
        0,
        0,
        0,
        0,
        0,
        0,
        0,
        199,
        0,
        0,
        0,
        0,
        0,
        0,
        0,
        0,
        0,
        0,
        0,
        0,
        0
      ],
      [
        17,
        0,
        0,
        0,
        0,
        0,
        0,
        0,
        0,
        1,
        141,
        22,
        0,
        0,
        0,
        0,
        5,
        0,
        0,
        0,
        0,
        0,
        0
      ],
      [
        19,
        0,
        0,
        0,
        0,
        0,
        0,
        0,
        0,
        0,
        22,
        35,
        1,
        0,
        0,
        0,
        3,
        0,
        0,
        0,
        0,
        0,
        0
      ],
      [
        3,
        0,
        0,
        0,
        0,
        0,
        0,
        0,
        0,
        0,
        3,
        8,
        38,
        0,
        0,
        0,
        0,
        0,
        0,
        0,
        0,
        0,
        0
      ],
      [
        0,
        0,
        0,
        0,
        0,
        0,
        0,
        0,
        2,
        3,
        0,
        0,
        0,
        191,
        3,
        1,
        0,
        2,
        0,
        0,
        2,
        1,
        0
      ],
      [
        0,
        0,
        0,
        0,
        0,
        0,
        0,
        0,
        0,
        0,
        0,
        0,
        0,
        0,
        77,
        0,
        0,
        0,
        0,
        0,
        1,
        0,
        0
      ],
      [
        0,
        0,
        0,
        0,
        0,
        0,
        0,
        0,
        0,
        5,
        0,
        0,
        0,
        0,
        1,
        146,
        0,
        0,
        0,
        0,
        0,
        0,
