{
  "experiment_id": "07_pair_m_e_concat_frozen_official",
  "fold": 0,
  "device": "cuda",
  "best_val_macro_f1": 0.5839834184457665,
  "test": {
    "accuracy": 0.8727615457115928,
    "macro_precision": 0.5835370143206474,
    "macro_recall": 0.577550954100162,
    "macro_f1": 0.5757809396749961,
    "per_class": {
      "0": {
        "precision": 0.0,
        "recall": 0.0,
        "f1": 0.0,
        "support": 8
      },
      "1": {
        "precision": 0.984,
        "recall": 0.9534883720930233,
        "f1": 0.968503937007874,
        "support": 129
      },
      "2": {
        "precision": 0.9822222222222222,
        "recall": 0.9650655021834061,
        "f1": 0.973568281938326,
        "support": 229
      },
      "3": {
        "precision": 0.8122270742358079,
        "recall": 0.93,
        "f1": 0.8671328671328671,
        "support": 200
      },
      "4": {
        "precision": 0.9235294117647059,
        "recall": 0.7969543147208121,
        "f1": 0.8555858310626703,
        "support": 197
      },
      "5": {
        "precision": 0.0,
        "recall": 0.0,
        "f1": 0.0,
        "support": 1
      },
      "6": {
        "precision": 0.0,
        "recall": 0.0,
        "f1": 0.0,
        "support": 1
      },
      "7": {
        "precision": 0.7575757575757576,
        "recall": 0.9615384615384616,
        "f1": 0.847457627118644,
        "support": 26
      },
      "8": {
        "precision": 0.97,
        "recall": 0.9651741293532339,
        "f1": 0.9675810473815462,
        "support": 201
      },
      "9": {
        "precision": 0.9898477157360406,
        "recall": 0.9798994974874372,
        "f1": 0.9848484848484849,
        "support": 199
      },
      "10": {
        "precision": 0.7897435897435897,
        "recall": 0.8279569892473119,
        "f1": 0.8083989501312336,
        "support": 186
      },
      "11": {
        "precision": 0.43157894736842106,
        "recall": 0.5125,
        "f1": 0.4685714285714286,
        "support": 80
      },
      "12": {
        "precision": 0.7045454545454546,
        "recall": 0.5961538461538461,
        "f1": 0.6458333333333334,
        "support": 52
      },
      "13": {
        "precision": 0.961352657004831,
        "recall": 0.9707317073170731,
        "f1": 0.9660194174757282,
        "support": 205
      },
      "14": {
        "precision": 0.9620253164556962,
        "recall": 0.9743589743589743,
        "f1": 0.9681528662420382,
        "support": 78
      },
      "15": {
        "precision": 0.9934640522875817,
        "recall": 1.0,
        "f1": 0.9967213114754099,
        "support": 152
      },
      "16": {
        "precision": 0.3333333333333333,
        "recall": 0.1,
        "f1": 0.15384615384615385,
        "support": 10
      },
      "17": {
        "precision": 0.2,
        "recall": 0.14285714285714285,
        "f1": 0.16666666666666666,
        "support": 7
      },
      "18": {
        "precision": 0.4375,
        "recall": 0.35,
        "f1": 0.3888888888888889,
        "support": 40
      },
      "19": {
        "precision": 0.0,
        "recall": 0.0,
        "f1": 0.0,
        "support": 2
      },
      "20": {
        "precision": 0.6666666666666666,
        "recall": 0.7954545454545454,
        "f1": 0.7253886010362695,
        "support": 88
      },
      "21": {
        "precision": 0.0,
        "recall": 0.0,
        "f1": 0.0,
        "support": 5
      },
      "22": {
        "precision": 0.5217391304347826,
        "recall": 0.46153846153846156,
        "f1": 0.4897959183673469,
        "support": 26
      }
    },
    "zero_support_classes": [],
    "confusion_matrix": [
      [
        0,
        0,
        0,
        0,
        0,
        0,
        0,
        0,
        0,
        0,
        3,
        2,
        3,
        0,
        0,
        0,
        0,
        0,
        0,
        0,
        0,
        0,
        0
      ],
      [
        0,
        123,
        0,
        0,
        0,
        0,
        0,
        1,
        0,
        0,
        0,
        0,
        0,
        0,
        0,
        0,
        0,
        0,
        0,
        0,
        4,
        0,
        1
      ],
      [
        0,
        1,
        221,
        0,
        0,
        0,
        0,
        7,
        0,
        0,
        0,
        0,
        0,
        0,
        0,
        0,
        0,
        0,
        0,
        0,
        0,
        0,
        0
      ],
      [
        0,
        0,
        0,
        186,
        13,
        0,
        0,
        0,
        0,
        0,
        0,
        0,
        0,
        0,
        0,
        0,
        0,
        0,
        0,
        0,
        1,
        0,
        0
      ],
      [
        0,
        0,
        0,
        40,
        157,
        0,
        0,
        0,
        0,
        0,
        0,
        0,
        0,
        0,
        0,
        0,
        0,
        0,
        0,
        0,
        0,
        0,
        0
      ],
      [
        0,
        0,
        0,
        0,
        0,
        0,
        0,
        0,
        0,
        0,
        0,
        0,
        0,
        0,
        1,
        0,
        0,
        0,
        0,
        0,
        0,
        0,
        0
      ],
      [
        0,
        0,
        0,
        0,
        0,
        0,
        0,
        0,
        0,
        0,
        0,
        0,
        0,
        0,
        0,
        0,
        0,
        0,
        0,
        0,
        1,
        0,
        0
      ],
      [
        0,
        0,
        1,
        0,
        0,
        0,
        0,
        25,
        0,
        0,
        0,
        0,
        0,
        0,
        0,
        0,
        0,
        0,
        0,
        0,
        0,
        0,
        0
      ],
      [
        0,
        1,
        0,
        2,
        0,
        0,
        0,
        0,
        194,
        0,
        0,
        0,
        0,
        1,
        0,
        0,
        0,
        0,
        2,
        0,
        1,
        0,
        0
      ],
      [
        0,
        0,
        0,
        0,
        0,
        0,
        0,
        0,
        0,
        195,
        1,
        1,
        0,
        1,
        0,
        0,
        1,
        0,
        0,
        0,
        0,
        0,
        0
      ],
      [
        0,
        0,
        0,
        0,
        0,
        0,
        0,
        0,
        0,
        0,
        154,
        30,
        1,
        0,
        0,
        0,
        0,
        0,
        0,
        0,
        1,
        0,
        0
      ],
      [
        1,
        0,
        0,
        0,
        0,
        0,
        0,
        0,
        0,
        0,
        30,
        41,
        7,
        0,
        0,
        0,
        1,
        0,
        0,
        0,
        0,
        0,
        0
      ],
      [
        0,
        0,
        0,
        0,
        0,
        0,
        0,
        0,
        0,
        1,
        4,
        16,
        31,
        0,
        0,
        0,
        0,
        0,
        0,
        0,
        0,
        0,
        0
      ],
      [
        0,
        0,
        0,
        0,
        0,
        0,
        0,
        0,
        2,
        1,
        0,
        0,
        0,
        199,
        1,
        0,
        0,
        0,
        1,
        0,
        0,
        0,
        1
      ],
      [
        0,
        0,
        0,
        0,
        0,
        0,
        0,
        0,
        0,
        0,
        0,
        0,
        0,
        1,
        76,
        1,
        0,
        0,
        0,
        0,
        0,
        0,
        0
      ],
      [
        0,
        0,
        0,
        0,
        0,
        0,
        0,
        0,
        0,
        0,
        0,
        0,
        0,
        0,
        0,
        152,
        0,
        0,
        0,
        0,
        0,
        0,
        0
      ],
