{
  "experiment_id": "11_triple_weighted_finetune_wide_official",
  "fold": 4,
  "device": "cuda",
  "best_val_macro_f1": 0.597287067268093,
  "test": {
    "accuracy": 0.8675252989880404,
    "macro_precision": 0.5978346661058529,
    "macro_recall": 0.5827324625570464,
    "macro_f1": 0.579288417054071,
    "per_class": {
      "0": {
        "precision": 0.5,
        "recall": 0.1111111111111111,
        "f1": 0.18181818181818182,
        "support": 9
      },
      "1": {
        "precision": 0.9769230769230769,
        "recall": 0.9769230769230769,
        "f1": 0.9769230769230769,
        "support": 130
      },
      "2": {
        "precision": 0.9868421052631579,
        "recall": 0.9698275862068966,
        "f1": 0.9782608695652174,
        "support": 232
      },
      "3": {
        "precision": 0.7926829268292683,
        "recall": 0.9653465346534653,
        "f1": 0.8705357142857143,
        "support": 202
      },
      "4": {
        "precision": 0.9615384615384616,
        "recall": 0.746268656716418,
        "f1": 0.8403361344537815,
        "support": 201
      },
      "5": {
        "precision": 0.0,
        "recall": 0.0,
        "f1": 0.0,
        "support": 2
      },
      "6": {
        "precision": 0.0,
        "recall": 0.0,
        "f1": 0.0,
        "support": 5
      },
      "7": {
        "precision": 0.8125,
        "recall": 0.9629629629629629,
        "f1": 0.8813559322033898,
        "support": 27
      },
      "8": {
        "precision": 0.9528301886792453,
        "recall": 0.9853658536585366,
        "f1": 0.9688249400479616,
        "support": 205
      },
      "9": {
        "precision": 0.9757281553398058,
        "recall": 0.9901477832512315,
        "f1": 0.9828850855745721,
        "support": 203
      },
      "10": {
        "precision": 0.852760736196319,
        "recall": 0.7393617021276596,
        "f1": 0.792022792022792,
        "support": 188
      },
      "11": {
        "precision": 0.45323741007194246,
        "recall": 0.7590361445783133,
        "f1": 0.5675675675675675,
        "support": 83
      },
      "12": {
        "precision": 0.8709677419354839,
        "recall": 0.5192307692307693,
        "f1": 0.6506024096385542,
        "support": 52
      },
      "13": {
        "precision": 0.99,
        "recall": 0.9519230769230769,
        "f1": 0.9705882352941176,
        "support": 208
      },
      "14": {
        "precision": 0.925,
        "recall": 0.9367088607594937,
        "f1": 0.9308176100628931,
        "support": 79
      },
      "15": {
        "precision": 0.9745222929936306,
        "recall": 0.9807692307692307,
        "f1": 0.9776357827476039,
        "support": 156
      },
      "16": {
        "precision": 0.0,
        "recall": 0.0,
        "f1": 0.0,
        "support": 13
      },
      "17": {
        "precision": 0.0,
        "recall": 0.0,
        "f1": 0.0,
        "support": 7
      },
      "18": {
        "precision": 0.5277777777777778,
        "recall": 0.4634146341463415,
        "f1": 0.4935064935064935,
        "support": 41
      },
      "19": {
        "precision": 0.0,
        "recall": 0.0,
        "f1": 0.0,
        "support": 3
      },
      "20": {
        "precision": 0.5897435897435898,
        "recall": 0.7582417582417582,
        "f1": 0.6634615384615384,
        "support": 91
      },
      "21": {
        "precision": 0.0,
        "recall": 0.0,
        "f1": 0.0,
        "support": 8
      },
      "22": {
        "precision": 0.6071428571428571,
        "recall": 0.5862068965517241,
        "f1": 0.5964912280701754,
        "support": 29
      }
    },
    "zero_support_classes": [],
    "confusion_matrix": [
      [
        1,
        0,
        0,
        0,
        0,
        0,
        0,
        0,
        0,
        0,
        2,
        4,
        1,
        0,
        0,
        0,
        1,
        0,
        0,
        0,
        0,
        0,
        0
      ],
      [
        0,
        127,
        1,
        0,
        0,
        0,
        0,
        0,
        0,
        0,
        0,
        0,
        0,
        0,
        0,
        0,
        0,
        0,
        0,
        0,
        2,
        0,
        0
      ],
      [
        0,
        1,
        225,
        0,
        0,
        0,
        0,
        6,
        0,
        0,
        0,
        0,
        0,
        0,
        0,
        0,
        0,
        0,
        0,
        0,
        0,
        0,
        0
      ],
      [
        0,
        0,
        0,
        195,
        6,
        0,
        0,
        0,
        1,
        0,
        0,
        0,
        0,
        0,
        0,
        0,
        0,
        0,
        0,
        0,
        0,
        0,
        0
      ],
      [
        0,
        0,
        0,
        51,
        150,
        0,
        0,
        0,
        0,
        0,
        0,
        0,
        0,
        0,
        0,
        0,
        0,
        0,
        0,
        0,
        0,
        0,
        0
      ],
      [
        0,
        0,
        0,
        0,
        0,
        0,
        0,
        0,
        0,
        0,
        0,
        0,
        0,
        0,
        2,
        0,
        0,
        0,
        0,
        0,
        0,
        0,
        0
      ],
      [
        0,
        0,
        0,
        0,
        0,
        0,
        0,
        0,
        1,
        0,
        0,
        0,
        0,
        0,
        0,
        0,
        0,
        0,
        0,
        0,
        3,
        0,
        1
      ],
      [
        0,
        0,
        1,
        0,
        0,
        0,
        0,
        26,
        0,
        0,
        0,
        0,
        0,
        0,
        0,
        0,
        0,
        0,
        0,
        0,
        0,
        0,
        0
      ],
      [
        0,
        0,
        0,
        0,
        0,
        0,
        0,
        0,
        202,
        0,
        0,
        0,
        0,
        0,
        0,
        0,
        0,
        0,
        3,
        0,
        0,
        0,
        0
      ],
      [
        0,
        0,
        1,
        0,
        0,
        0,
        0,
        0,
        0,
        201,
        0,
        0,
        0,
        0,
        0,
        1,
        0,
        0,
        0,
        0,
        0,
        0,
        0
      ],
      [
        0,
        0,
        0,
        0,
        0,
        0,
        0,
        0,
        0,
        2,
        139,
        44,
        0,
        0,
        0,
        0,
        3,
        0,
        0,
        0,
        0,
        0,
        0
      ],
      [
        1,
        0,
        0,
        0,
        0,
        0,
        0,
        0,
        0,
        1,
        15,
        63,
        2,
        0,
        0,
        1,
        0,
        0,
        0,
        0,
        0,
        0,
        0
      ],
      [
        0,
        0,
        0,
        0,
        0,
        0,
        0,
        0,
        0,
        0,
        3,
        20,
        27,
        0,
        0,
        0,
        1,
        0,
        0,
        0,
        1,
        0,
        0
      ],
      [
        0,
        0,
        0,
        0,
        0,
        0,
        0,
        0,
        1,
        2,
        0,
        0,
        0,
        198,
        1,
        0,
        0,
        0,
        2,
        0,
        4,
        0,
        0
      ],
      [
        0,
        0,
        0,
        0,
        0,
        0,
        0,
        0,
        0,
        0,
        0,
        0,
        0,
        0,
        74,
        2,
        0,
        0,
        1,
        0,
        1,
        0,
        1
      ],
      [
        0,
        0,
        0,
        0,
        0,
        0,
        0,
        0,
        0,
        0,
        0,
        0,
        0,
        0,
        3,
        153,
        0,
        0,
        0,
        0,
        0,
