{
  "experiment_id": "09_triple_weighted_frozen_official",
  "fold": 0,
  "device": "cuda",
  "best_val_macro_f1": 0.5773156802214278,
  "test": {
    "accuracy": 0.8548539114043355,
    "macro_precision": 0.5700495272526103,
    "macro_recall": 0.571373805272476,
    "macro_f1": 0.5609399230205974,
    "per_class": {
      "0": {
        "precision": 0.0,
        "recall": 0.0,
        "f1": 0.0,
        "support": 8
      },
      "1": {
        "precision": 0.991869918699187,
        "recall": 0.9457364341085271,
        "f1": 0.9682539682539683,
        "support": 129
      },
      "2": {
        "precision": 0.9909502262443439,
        "recall": 0.9563318777292577,
        "f1": 0.9733333333333334,
        "support": 229
      },
      "3": {
        "precision": 0.9318181818181818,
        "recall": 0.82,
        "f1": 0.8723404255319149,
        "support": 200
      },
      "4": {
        "precision": 0.8388625592417062,
        "recall": 0.8984771573604061,
        "f1": 0.8676470588235294,
        "support": 197
      },
      "5": {
        "precision": 0.0,
        "recall": 0.0,
        "f1": 0.0,
        "support": 1
      },
      "6": {
        "precision": 0.0,
        "recall": 0.0,
        "f1": 0.0,
        "support": 1
      },
      "7": {
        "precision": 0.75,
        "recall": 0.9230769230769231,
        "f1": 0.8275862068965517,
        "support": 26
      },
      "8": {
        "precision": 0.8789237668161435,
        "recall": 0.9751243781094527,
        "f1": 0.9245283018867925,
        "support": 201
      },
      "9": {
        "precision": 0.9560975609756097,
        "recall": 0.9849246231155779,
        "f1": 0.9702970297029703,
        "support": 199
      },
      "10": {
        "precision": 0.8589743589743589,
        "recall": 0.7204301075268817,
        "f1": 0.783625730994152,
        "support": 186
      },
      "11": {
        "precision": 0.43661971830985913,
        "recall": 0.3875,
        "f1": 0.4105960264900662,
        "support": 80
      },
      "12": {
        "precision": 0.49411764705882355,
        "recall": 0.8076923076923077,
        "f1": 0.6131386861313869,
        "support": 52
      },
      "13": {
        "precision": 0.994535519125683,
        "recall": 0.8878048780487805,
        "f1": 0.9381443298969072,
        "support": 205
      },
      "14": {
        "precision": 0.9743589743589743,
        "recall": 0.9743589743589743,
        "f1": 0.9743589743589743,
        "support": 78
      },
      "15": {
        "precision": 1.0,
        "recall": 1.0,
        "f1": 1.0,
        "support": 152
      },
      "16": {
        "precision": 0.4,
        "recall": 0.2,
        "f1": 0.26666666666666666,
        "support": 10
      },
      "17": {
        "precision": 0.0,
        "recall": 0.0,
        "f1": 0.0,
        "support": 7
      },
      "18": {
        "precision": 0.36,
        "recall": 0.675,
        "f1": 0.46956521739130436,
        "support": 40
      },
      "19": {
        "precision": 0.0,
        "recall": 0.0,
        "f1": 0.0,
        "support": 2
      },
      "20": {
        "precision": 0.6176470588235294,
        "recall": 0.7159090909090909,
        "f1": 0.6631578947368421,
        "support": 88
      },
      "21": {
        "precision": 0.0,
        "recall": 0.0,
        "f1": 0.0,
        "support": 5
      },
      "22": {
        "precision": 0.6363636363636364,
        "recall": 0.2692307692307692,
        "f1": 0.3783783783783784,
        "support": 26
      }
    },
    "zero_support_classes": [],
    "confusion_matrix": [
      [
        0,
        0,
        0,
        0,
        0,
        0,
        0,
        0,
        0,
        0,
        1,
        3,
        4,
        0,
        0,
        0,
        0,
        0,
        0,
        0,
        0,
        0,
        0
      ],
      [
        0,
        122,
        0,
        0,
        0,
        0,
        0,
        1,
        1,
        0,
        0,
        0,
        0,
        0,
        0,
        0,
        0,
        0,
        0,
        0,
        4,
        0,
        1
      ],
      [
        0,
        1,
        219,
        0,
        0,
        0,
        0,
        7,
        0,
        0,
        0,
        0,
        0,
        0,
        0,
        0,
        0,
        0,
        2,
        0,
        0,
        0,
        0
      ],
      [
        0,
        0,
        0,
        164,
        34,
        0,
        0,
        0,
        1,
        0,
        0,
        0,
        0,
        0,
        0,
        0,
        0,
        0,
        1,
        0,
        0,
        0,
        0
      ],
      [
        0,
        0,
        0,
        12,
        177,
        0,
        0,
        0,
        8,
        0,
        0,
        0,
        0,
        0,
        0,
        0,
        0,
        0,
        0,
        0,
        0,
        0,
        0
      ],
      [
        0,
        0,
        0,
        0,
        0,
        0,
        0,
        0,
        0,
        0,
        0,
        0,
        0,
        0,
        1,
        0,
        0,
        0,
        0,
        0,
        0,
        0,
        0
      ],
      [
        0,
        0,
        0,
        0,
        0,
        0,
        0,
        0,
        0,
        0,
        0,
        0,
        0,
        0,
        0,
        0,
        0,
        0,
        0,
        0,
        1,
        0,
        0
      ],
      [
        0,
        0,
        1,
        0,
        0,
        0,
        0,
        24,
        1,
        0,
        0,
        0,
        0,
        0,
        0,
        0,
        0,
        0,
        0,
        0,
        0,
        0,
        0
      ],
      [
        0,
        0,
        0,
        0,
        0,
        0,
        0,
        0,
        196,
        0,
        0,
        0,
        0,
        0,
        0,
        0,
        0,
        0,
        4,
        0,
        1,
        0,
        0
      ],
      [
        0,
        0,
        0,
        0,
        0,
        0,
        0,
        0,
        0,
        196,
        0,
        0,
        0,
        1,
        0,
        0,
        0,
        0,
        1,
        0,
        1,
        0,
        0
      ],
      [
        6,
        0,
        0,
        0,
        0,
        0,
        0,
        0,
        0,
        5,
        134,
        28,
        12,
        0,
        0,
        0,
        1,
        0,
        0,
        0,
        0,
        0,
        0
      ],
      [
        2,
        0,
        0,
        0,
        0,
        0,
        0,
        0,
        1,
        1,
        20,
        31,
        23,
        0,
        0,
        0,
        2,
        0,
        0,
        0,
        0,
        0,
        0
      ],
      [
        2,
        0,
        0,
        0,
        0,
        0,
        0,
        0,
        0,
        1,
        0,
        7,
        42,
        0,
        0,
        0,
        0,
        0,
        0,
        0,
        0,
        0,
        0
      ],
      [
        0,
        0,
        0,
        0,
        0,
        0,
        0,
        0,
        10,
        2,
        0,
        0,
        0,
        182,
        1,
        0,
        0,
        0,
        9,
        0,
        0,
        0,
        1
      ],
      [
        0,
        0,
        0,
        0,
        0,
        0,
        0,
        0,
        0,
        0,
        0,
        0,
        0,
        0,
        76,
        0,
        0,
        0,
        1,
        0,
        1,
        0,
        0
      ],
      [
        0,
        0,
        0,
        0,
        0,
        0,
        0,
        0,
        0,
        0,
        0,
        0,
        0,
        0,
        0,
        152,
        0,
        0,
        0,
        0,
        0,
        0,
        0
      ],
      [
        2,
        0,
        0,
        0,
        0,
