{
  "experiment_id": "13_single_efficientnetb0_finetune_wide_official",
  "fold": 1,
  "device": "cuda",
  "best_val_macro_f1": 0.5711743810269926,
  "test": {
    "accuracy": 0.8605089538171536,
    "macro_precision": 0.5849068254192682,
    "macro_recall": 0.6511601682682082,
    "macro_f1": 0.5980681038636605,
    "per_class": {
      "0": {
        "precision": 0.16666666666666666,
        "recall": 0.125,
        "f1": 0.14285714285714285,
        "support": 8
      },
      "1": {
        "precision": 1.0,
        "recall": 0.9689922480620154,
        "f1": 0.984251968503937,
        "support": 129
      },
      "2": {
        "precision": 1.0,
        "recall": 0.9082969432314411,
        "f1": 0.9519450800915332,
        "support": 229
      },
      "3": {
        "precision": 0.9064039408866995,
        "recall": 0.92,
        "f1": 0.913151364764268,
        "support": 200
      },
      "4": {
        "precision": 0.917098445595855,
        "recall": 0.8984771573604061,
        "f1": 0.9076923076923077,
        "support": 197
      },
      "5": {
        "precision": 0.0,
        "recall": 0.0,
        "f1": 0.0,
        "support": 1
      },
      "6": {
        "precision": 0.3333333333333333,
        "recall": 1.0,
        "f1": 0.5,
        "support": 1
      },
      "7": {
        "precision": 0.5531914893617021,
        "recall": 1.0,
        "f1": 0.7123287671232876,
        "support": 26
      },
      "8": {
        "precision": 0.9563106796116505,
        "recall": 0.9800995024875622,
        "f1": 0.9680589680589681,
        "support": 201
      },
      "9": {
        "precision": 0.943127962085308,
        "recall": 1.0,
        "f1": 0.9707317073170731,
        "support": 199
      },
      "10": {
        "precision": 0.86875,
        "recall": 0.7473118279569892,
        "f1": 0.8034682080924855,
        "support": 186
      },
      "11": {
        "precision": 0.44594594594594594,
        "recall": 0.4125,
        "f1": 0.42857142857142855,
        "support": 80
      },
      "12": {
        "precision": 0.6792452830188679,
        "recall": 0.6923076923076923,
        "f1": 0.6857142857142857,
        "support": 52
      },
      "13": {
        "precision": 1.0,
        "recall": 0.9073170731707317,
        "f1": 0.9514066496163683,
        "support": 205
      },
      "14": {
        "precision": 0.8735632183908046,
        "recall": 0.9743589743589743,
        "f1": 0.9212121212121213,
        "support": 78
      },
      "15": {
        "precision": 0.993421052631579,
        "recall": 0.993421052631579,
        "f1": 0.993421052631579,
        "support": 152
      },
      "16": {
        "precision": 0.125,
        "recall": 0.5,
        "f1": 0.2,
        "support": 10
      },
      "17": {
        "precision": 0.0,
        "recall": 0.0,
        "f1": 0.0,
        "support": 7
      },
      "18": {
        "precision": 0.4318181818181818,
        "recall": 0.475,
        "f1": 0.4523809523809524,
        "support": 40
      },
      "19": {
        "precision": 0.0,
        "recall": 0.0,
        "f1": 0.0,
        "support": 2
      },
      "20": {
        "precision": 0.7192982456140351,
        "recall": 0.4659090909090909,
        "f1": 0.5655172413793104,
        "support": 88
      },
      "21": {
        "precision": 0.1111111111111111,
        "recall": 0.2,
        "f1": 0.14285714285714285,
        "support": 5
      },
      "22": {
        "precision": 0.42857142857142855,
        "recall": 0.8076923076923077,
        "f1": 0.56,
        "support": 26
      }
    },
    "zero_support_classes": [],
    "confusion_matrix": [
      [
        1,
        0,
        0,
        0,
        0,
        0,
        0,
        0,
        0,
        0,
        0,
        1,
        2,
        0,
        0,
        0,
        4,
        0,
        0,
        0,
        0,
        0,
        0
      ],
      [
        0,
        125,
        0,
        0,
        0,
        0,
        0,
        0,
        0,
        0,
        0,
        0,
        0,
        0,
        0,
        0,
        0,
        1,
        0,
        0,
        1,
        0,
        2
      ],
      [
        0,
        0,
        208,
        0,
        0,
        0,
        0,
        21,
        0,
        0,
        0,
        0,
        0,
        0,
        0,
        0,
        0,
        0,
        0,
        0,
        0,
        0,
        0
      ],
      [
        0,
        0,
        0,
        184,
        16,
        0,
        0,
        0,
        0,
        0,
        0,
        0,
        0,
        0,
        0,
        0,
        0,
        0,
        0,
        0,
        0,
        0,
        0
      ],
      [
        0,
        0,
        0,
        19,
        177,
        0,
        0,
        0,
        0,
        0,
        0,
        0,
        0,
        0,
        1,
        0,
        0,
        0,
        0,
        0,
        0,
        0,
        0
      ],
      [
        0,
        0,
        0,
        0,
        0,
        0,
        0,
        0,
        0,
        0,
        0,
        0,
        0,
        0,
        1,
        0,
        0,
        0,
        0,
        0,
        0,
        0,
        0
      ],
      [
        0,
        0,
        0,
        0,
        0,
        0,
        1,
        0,
        0,
        0,
        0,
        0,
        0,
        0,
        0,
        0,
        0,
        0,
        0,
        0,
        0,
        0,
        0
      ],
      [
        0,
        0,
        0,
        0,
        0,
        0,
        0,
        26,
        0,
        0,
        0,
        0,
        0,
        0,
        0,
        0,
        0,
        0,
        0,
        0,
        0,
        0,
        0
      ],
      [
        0,
        0,
        0,
        0,
        0,
        0,
        0,
        0,
        197,
        0,
        0,
        0,
        0,
        0,
        0,
        0,
        0,
        0,
        3,
        0,
        0,
        1,
        0
      ],
      [
        0,
        0,
        0,
        0,
        0,
        0,
        0,
        0,
        0,
        199,
        0,
        0,
        0,
        0,
        0,
        0,
        0,
        0,
        0,
        0,
        0,
        0,
        0
      ],
      [
        4,
        0,
        0,
        0,
        0,
        0,
        0,
        0,
        0,
        1,
        139,
        29,
        1,
        0,
        0,
        0,
        12,
        0,
        0,
        0,
        0,
        0,
        0
      ],
      [
        0,
        0,
        0,
        0,
        0,
        0,
        0,
        0,
        0,
        1,
        20,
        33,
        12,
        0,
        0,
        0,
        14,
        0,
        0,
        0,
        0,
        0,
        0
      ],
      [
        0,
        0,
        0,
        0,
        0,
        0,
        0,
        0,
        0,
        1,
        1,
        9,
        36,
        0,
        0,
        0,
        4,
        0,
        0,
        0,
        0,
        0,
        1
      ],
      [
        0,
        0,
        0,
        0,
        0,
        0,
        0,
        0,
        4,
        3,
        0,
        0,
        0,
        186,
        4,
        0,
        0,
        0,
        3,
        0,
        2,
        0,
        3
      ],
      [
        0,
        0,
        0,
        0,
        0,
        0,
        0,
        0,
        0,
        0,
        0,
        0,
        0,
        0,
        76,
        1,
        0,
        0,
        0,
        0,
        1,
        0,
        0
      ],
      [
        0,
        0,
        0,
        0,
        0,
        0,
        0,
        0,
        0,
        0,
        0,
        0,
        0,
        0,
        1,
        151,
        0,
        0,
        0,
        0,
        0,
        0,
        0
      ],
      [
