{
  "experiment_id": "13_single_efficientnetb0_finetune_wide_official",
  "fold": 0,
  "device": "cuda",
  "best_val_macro_f1": 0.6118571895170859,
  "test": {
    "accuracy": 0.8355325164938737,
    "macro_precision": 0.5691178222725973,
    "macro_recall": 0.5715809977872601,
    "macro_f1": 0.553864025010381,
    "per_class": {
      "0": {
        "precision": 0.25,
        "recall": 0.125,
        "f1": 0.16666666666666666,
        "support": 8
      },
      "1": {
        "precision": 0.9919354838709677,
        "recall": 0.9534883720930233,
        "f1": 0.9723320158102767,
        "support": 129
      },
      "2": {
        "precision": 0.9863636363636363,
        "recall": 0.9475982532751092,
        "f1": 0.9665924276169265,
        "support": 229
      },
      "3": {
        "precision": 0.9508196721311475,
        "recall": 0.87,
        "f1": 0.9086161879895561,
        "support": 200
      },
      "4": {
        "precision": 0.8985507246376812,
        "recall": 0.9441624365482234,
        "f1": 0.9207920792079208,
        "support": 197
      },
      "5": {
        "precision": 0.0,
        "recall": 0.0,
        "f1": 0.0,
        "support": 1
      },
      "6": {
        "precision": 0.0,
        "recall": 0.0,
        "f1": 0.0,
        "support": 1
      },
      "7": {
        "precision": 0.6842105263157895,
        "recall": 1.0,
        "f1": 0.8125,
        "support": 26
      },
      "8": {
        "precision": 0.9420289855072463,
        "recall": 0.9701492537313433,
        "f1": 0.9558823529411765,
        "support": 201
      },
      "9": {
        "precision": 0.98989898989899,
        "recall": 0.9849246231155779,
        "f1": 0.9874055415617129,
        "support": 199
      },
      "10": {
        "precision": 0.875,
        "recall": 0.41397849462365593,
        "f1": 0.5620437956204379,
        "support": 186
      },
      "11": {
        "precision": 0.3036649214659686,
        "recall": 0.725,
        "f1": 0.4280442804428044,
        "support": 80
      },
      "12": {
        "precision": 0.7714285714285715,
        "recall": 0.5192307692307693,
        "f1": 0.6206896551724138,
        "support": 52
      },
      "13": {
        "precision": 0.9690721649484536,
        "recall": 0.9170731707317074,
        "f1": 0.9423558897243107,
        "support": 205
      },
      "14": {
        "precision": 0.9733333333333334,
        "recall": 0.9358974358974359,
        "f1": 0.954248366013072,
        "support": 78
      },
      "15": {
        "precision": 1.0,
        "recall": 1.0,
        "f1": 1.0,
        "support": 152
      },
      "16": {
        "precision": 0.043478260869565216,
        "recall": 0.1,
        "f1": 0.06060606060606061,
        "support": 10
      },
      "17": {
        "precision": 0.0,
        "recall": 0.0,
        "f1": 0.0,
        "support": 7
      },
      "18": {
        "precision": 0.3582089552238806,
        "recall": 0.6,
        "f1": 0.4485981308411215,
        "support": 40
      },
      "19": {
        "precision": 0.0,
        "recall": 0.0,
        "f1": 0.0,
        "support": 2
      },
      "20": {
        "precision": 0.7058823529411765,
        "recall": 0.4090909090909091,
        "f1": 0.5179856115107914,
        "support": 88
      },
      "21": {
        "precision": 0.0,
        "recall": 0.0,
        "f1": 0.0,
        "support": 5
      },
      "22": {
        "precision": 0.3958333333333333,
        "recall": 0.7307692307692307,
        "f1": 0.5135135135135135,
        "support": 26
      }
    },
    "zero_support_classes": [],
    "confusion_matrix": [
      [
        1,
        0,
        0,
        0,
        0,
        0,
        0,
        0,
        0,
        0,
        1,
        1,
        1,
        0,
        0,
        0,
        4,
        0,
        0,
        0,
        0,
        0,
        0
      ],
      [
        0,
        123,
        0,
        0,
        0,
        0,
        0,
        1,
        0,
        0,
        0,
        0,
        0,
        0,
        0,
        0,
        0,
        0,
        1,
        0,
        3,
        0,
        1
      ],
      [
        0,
        1,
        217,
        0,
        0,
        0,
        0,
        11,
        0,
        0,
        0,
        0,
        0,
        0,
        0,
        0,
        0,
        0,
        0,
        0,
        0,
        0,
        0
      ],
      [
        0,
        0,
        0,
        174,
        21,
        0,
        0,
        0,
        1,
        1,
        0,
        0,
        0,
        3,
        0,
        0,
        0,
        0,
        0,
        0,
        0,
        0,
        0
      ],
      [
        0,
        0,
        0,
        9,
        186,
        0,
        0,
        0,
        2,
        0,
        0,
        0,
        0,
        0,
        0,
        0,
        0,
        0,
        0,
        0,
        0,
        0,
        0
      ],
      [
        0,
        0,
        0,
        0,
        0,
        0,
        0,
        0,
        0,
        0,
        0,
        0,
        0,
        0,
        1,
        0,
        0,
        0,
        0,
        0,
        0,
        0,
        0
      ],
      [
        0,
        0,
        0,
        0,
        0,
        0,
        0,
        0,
        1,
        0,
        0,
        0,
        0,
        0,
        0,
        0,
        0,
        0,
        0,
        0,
        0,
        0,
        0
      ],
      [
        0,
        0,
        0,
        0,
        0,
        0,
        0,
        26,
        0,
        0,
        0,
        0,
        0,
        0,
        0,
        0,
        0,
        0,
        0,
        0,
        0,
        0,
        0
      ],
      [
        0,
        0,
        0,
        0,
        0,
        0,
        0,
        0,
        195,
        0,
        0,
        0,
        0,
        2,
        0,
        0,
        0,
        0,
        3,
        0,
        1,
        0,
        0
      ],
      [
        0,
        0,
        0,
        0,
        0,
        0,
        0,
        0,
        0,
        196,
        0,
        2,
        0,
        1,
        0,
        0,
        0,
        0,
        0,
        0,
        0,
        0,
        0
      ],
      [
        0,
        0,
        0,
        0,
        0,
        0,
        0,
        0,
        0,
        0,
        77,
        101,
        1,
        0,
        0,
        0,
        7,
        0,
        0,
        0,
        0,
        0,
        0
      ],
      [
        1,
        0,
        0,
        0,
        0,
        0,
        0,
        0,
        0,
        0,
        10,
        58,
        4,
        0,
        0,
        0,
        7,
        0,
        0,
        0,
        0,
        0,
        0
      ],
      [
        0,
        0,
        0,
        0,
        0,
        0,
        0,
        0,
        0,
        0,
        0,
        22,
        27,
        0,
        0,
        0,
        3,
        0,
        0,
        0,
        0,
        0,
        0
      ],
      [
        0,
        0,
        1,
        0,
        0,
        0,
        0,
        0,
        4,
        1,
        0,
        1,
        0,
        188,
        1,
        0,
        0,
        3,
        4,
        0,
        2,
        0,
        0
      ],
      [
        0,
        0,
        0,
        0,
        0,
        3,
        0,
        0,
        0,
        0,
        0,
        0,
        0,
        0,
        73,
        0,
        0,
        1,
        0,
        0,
        0,
        0,
        1
      ],
      [
        0,
        0,
        0,
        0,
        0,
        0,
        0,
        0,
        0,
        0,
        0,
        0,
        0,
        0,
        0,
        152,
        0,
        0,
        0,
        0,
        0,
        0,
        0
      ],
      [
        1,
        0,
