{
  "experiment_id": "11_triple_weighted_finetune_wide_official",
  "fold": 4,
  "device": "cuda",
  "best_val_macro_f1": 0.6059406906834832,
  "test": {
    "accuracy": 0.8725850965961361,
    "macro_precision": 0.610869462001672,
    "macro_recall": 0.6111477163565577,
    "macro_f1": 0.6004733745584614,
    "per_class": {
      "0": {
        "precision": 0.5,
        "recall": 0.1111111111111111,
        "f1": 0.18181818181818182,
        "support": 9
      },
      "1": {
        "precision": 0.9621212121212122,
        "recall": 0.9769230769230769,
        "f1": 0.9694656488549618,
        "support": 130
      },
      "2": {
        "precision": 0.9868421052631579,
        "recall": 0.9698275862068966,
        "f1": 0.9782608695652174,
        "support": 232
      },
      "3": {
        "precision": 0.9387755102040817,
        "recall": 0.9108910891089109,
        "f1": 0.9246231155778895,
        "support": 202
      },
      "4": {
        "precision": 0.892018779342723,
        "recall": 0.945273631840796,
        "f1": 0.9178743961352657,
        "support": 201
      },
      "5": {
        "precision": 0.3333333333333333,
        "recall": 0.5,
        "f1": 0.4,
        "support": 2
      },
      "6": {
        "precision": 0.0,
        "recall": 0.0,
        "f1": 0.0,
        "support": 5
      },
      "7": {
        "precision": 0.8181818181818182,
        "recall": 1.0,
        "f1": 0.9,
        "support": 27
      },
      "8": {
        "precision": 0.9389671361502347,
        "recall": 0.975609756097561,
        "f1": 0.9569377990430622,
        "support": 205
      },
      "9": {
        "precision": 0.9665071770334929,
        "recall": 0.9950738916256158,
        "f1": 0.9805825242718447,
        "support": 203
      },
      "10": {
        "precision": 0.8525641025641025,
        "recall": 0.7074468085106383,
        "f1": 0.7732558139534884,
        "support": 188
      },
      "11": {
        "precision": 0.4666666666666667,
        "recall": 0.5060240963855421,
        "f1": 0.48554913294797686,
        "support": 83
      },
      "12": {
        "precision": 0.6451612903225806,
        "recall": 0.7692307692307693,
        "f1": 0.7017543859649122,
        "support": 52
      },
      "13": {
        "precision": 0.9898477157360406,
        "recall": 0.9375,
        "f1": 0.9629629629629629,
        "support": 208
      },
      "14": {
        "precision": 0.9230769230769231,
        "recall": 0.9113924050632911,
        "f1": 0.9171974522292994,
        "support": 79
      },
      "15": {
        "precision": 0.9807692307692307,
        "recall": 0.9807692307692307,
        "f1": 0.9807692307692307,
        "support": 156
      },
      "16": {
        "precision": 0.06451612903225806,
        "recall": 0.15384615384615385,
        "f1": 0.09090909090909091,
        "support": 13
      },
      "17": {
        "precision": 0.0,
        "recall": 0.0,
        "f1": 0.0,
        "support": 7
      },
      "18": {
        "precision": 0.6190476190476191,
        "recall": 0.3170731707317073,
        "f1": 0.41935483870967744,
        "support": 41
      },
      "19": {
        "precision": 0.0,
        "recall": 0.0,
        "f1": 0.0,
        "support": 3
      },
      "20": {
        "precision": 0.6403508771929824,
        "recall": 0.8021978021978022,
        "f1": 0.7121951219512195,
        "support": 91
      },
      "21": {
        "precision": 0.0,
        "recall": 0.0,
        "f1": 0.0,
        "support": 8
      },
      "22": {
        "precision": 0.53125,
        "recall": 0.5862068965517241,
        "f1": 0.5573770491803278,
        "support": 29
      }
    },
    "zero_support_classes": [],
    "confusion_matrix": [
      [
        1,
        0,
        0,
        0,
        0,
        0,
        0,
        0,
        0,
        0,
        2,
        3,
        2,
        0,
        0,
        0,
        1,
        0,
        0,
        0,
        0,
        0,
        0
      ],
      [
        0,
        127,
        1,
        0,
        0,
        0,
        0,
        0,
        0,
        0,
        0,
        0,
        0,
        0,
        0,
        0,
        0,
        0,
        0,
        0,
        2,
        0,
        0
      ],
      [
        0,
        1,
        225,
        0,
        0,
        0,
        0,
        6,
        0,
        0,
        0,
        0,
        0,
        0,
        0,
        0,
        0,
        0,
        0,
        0,
        0,
        0,
        0
      ],
      [
        0,
        0,
        0,
        184,
        18,
        0,
        0,
        0,
        0,
        0,
        0,
        0,
        0,
        0,
        0,
        0,
        0,
        0,
        0,
        0,
        0,
        0,
        0
      ],
      [
        0,
        0,
        0,
        11,
        190,
        0,
        0,
        0,
        0,
        0,
        0,
        0,
        0,
        0,
        0,
        0,
        0,
        0,
        0,
        0,
        0,
        0,
        0
      ],
      [
        0,
        0,
        0,
        0,
        0,
        1,
        0,
        0,
        0,
        0,
        0,
        0,
        0,
        0,
        1,
        0,
        0,
        0,
        0,
        0,
        0,
        0,
        0
      ],
      [
        0,
        0,
        0,
        0,
        0,
        0,
        0,
        0,
        1,
        0,
        0,
        0,
        0,
        0,
        0,
        0,
        0,
        0,
        0,
        0,
        2,
        0,
        2
      ],
      [
        0,
        0,
        0,
        0,
        0,
        0,
        0,
        27,
        0,
        0,
        0,
        0,
        0,
        0,
        0,
        0,
        0,
        0,
        0,
        0,
        0,
        0,
        0
      ],
      [
        0,
        0,
        0,
        0,
        1,
        0,
        0,
        0,
        200,
        0,
        0,
        0,
        0,
        0,
        0,
        0,
        0,
        0,
        3,
        0,
        1,
        0,
        0
      ],
      [
        0,
        0,
        0,
        0,
        0,
        0,
        0,
        0,
        1,
        202,
        0,
        0,
        0,
        0,
        0,
        0,
        0,
        0,
        0,
        0,
        0,
        0,
        0
      ],
      [
        0,
        0,
        0,
        0,
        0,
        0,
        0,
        0,
        0,
        3,
        133,
        34,
        3,
        0,
        0,
        0,
        15,
        0,
        0,
        0,
        0,
        0,
        0
      ],
      [
        1,
        0,
        0,
        0,
        0,
        0,
        0,
        0,
        0,
        1,
        14,
        42,
        12,
        0,
        0,
        1,
        12,
        0,
        0,
        0,
        0,
        0,
        0
      ],
      [
        0,
        0,
        0,
        0,
        0,
        0,
        0,
        0,
        0,
        0,
        3,
        8,
        40,
        0,
        0,
        0,
        1,
        0,
        0,
        0,
        0,
        0,
        0
      ],
      [
        0,
        0,
        2,
        1,
        0,
        0,
        0,
        0,
        4,
        3,
        0,
        0,
        0,
        195,
        1,
        0,
        0,
        0,
        0,
        0,
        2,
        0,
        0
      ],
      [
        0,
        0,
        0,
        0,
        2,
        2,
        0,
        0,
        0,
        0,
        0,
        0,
        0,
        0,
        72,
        2,
        0,
        0,
        0,
        0,
        0,
        0,
        1
      ],
      [
        0,
        0,
        0,
        0,
        0,
        0,
        0,
        0,
        0,
        0,
        0,
        0,
        0,
        0,
        3,
        153,
