{
  "experiment_id": "10_triple_concat_finetune_wide_official",
  "fold": 4,
  "device": "cuda",
  "best_val_macro_f1": 0.5807327638079164,
  "test": {
    "accuracy": 0.8482060717571297,
    "macro_precision": 0.5599831773133357,
    "macro_recall": 0.5746803429734658,
    "macro_f1": 0.5639583425484004,
    "per_class": {
      "0": {
        "precision": 0.0,
        "recall": 0.0,
        "f1": 0.0,
        "support": 9
      },
      "1": {
        "precision": 0.9694656488549618,
        "recall": 0.9769230769230769,
        "f1": 0.9731800766283525,
        "support": 130
      },
      "2": {
        "precision": 0.9954954954954955,
        "recall": 0.9525862068965517,
        "f1": 0.973568281938326,
        "support": 232
      },
      "3": {
        "precision": 0.768595041322314,
        "recall": 0.9207920792079208,
        "f1": 0.8378378378378378,
        "support": 202
      },
      "4": {
        "precision": 0.9166666666666666,
        "recall": 0.7114427860696517,
        "f1": 0.8011204481792717,
        "support": 201
      },
      "5": {
        "precision": 0.0,
        "recall": 0.0,
        "f1": 0.0,
        "support": 2
      },
      "6": {
        "precision": 0.0,
        "recall": 0.0,
        "f1": 0.0,
        "support": 5
      },
      "7": {
        "precision": 0.7297297297297297,
        "recall": 1.0,
        "f1": 0.84375,
        "support": 27
      },
      "8": {
        "precision": 0.9666666666666667,
        "recall": 0.9902439024390244,
        "f1": 0.9783132530120482,
        "support": 205
      },
      "9": {
        "precision": 0.9805825242718447,
        "recall": 0.9950738916256158,
        "f1": 0.9877750611246944,
        "support": 203
      },
      "10": {
        "precision": 0.8354430379746836,
        "recall": 0.7021276595744681,
        "f1": 0.7630057803468208,
        "support": 188
      },
      "11": {
        "precision": 0.5057471264367817,
        "recall": 0.5301204819277109,
        "f1": 0.5176470588235295,
        "support": 83
      },
      "12": {
        "precision": 0.6607142857142857,
        "recall": 0.7115384615384616,
        "f1": 0.6851851851851852,
        "support": 52
      },
      "13": {
        "precision": 0.9655172413793104,
        "recall": 0.9423076923076923,
        "f1": 0.9537712895377128,
        "support": 208
      },
      "14": {
        "precision": 0.9135802469135802,
        "recall": 0.9367088607594937,
        "f1": 0.925,
        "support": 79
      },
      "15": {
        "precision": 0.9745222929936306,
        "recall": 0.9807692307692307,
        "f1": 0.9776357827476039,
        "support": 156
      },
      "16": {
        "precision": 0.05405405405405406,
        "recall": 0.15384615384615385,
        "f1": 0.08,
        "support": 13
      },
      "17": {
        "precision": 0.0,
        "recall": 0.0,
        "f1": 0.0,
        "support": 7
      },
      "18": {
        "precision": 0.4489795918367347,
        "recall": 0.5365853658536586,
        "f1": 0.4888888888888889,
        "support": 41
      },
      "19": {
        "precision": 0.0,
        "recall": 0.0,
        "f1": 0.0,
        "support": 3
      },
      "20": {
        "precision": 0.6382978723404256,
        "recall": 0.6593406593406593,
        "f1": 0.6486486486486487,
        "support": 91
      },
      "21": {
        "precision": 0.0,
        "recall": 0.0,
        "f1": 0.0,
        "support": 8
      },
      "22": {
        "precision": 0.5555555555555556,
        "recall": 0.5172413793103449,
        "f1": 0.5357142857142857,
        "support": 29
      }
    },
    "zero_support_classes": [],
    "confusion_matrix": [
      [
        0,
        0,
        0,
        0,
        0,
        0,
        0,
        0,
        0,
        0,
        2,
        3,
        2,
        0,
        0,
        0,
        2,
        0,
        0,
        0,
        0,
        0,
        0
      ],
      [
        0,
        127,
        1,
        0,
        0,
        0,
        0,
        0,
        0,
        0,
        0,
        0,
        0,
        0,
        0,
        0,
        0,
        0,
        0,
        0,
        2,
        0,
        0
      ],
      [
        0,
        1,
        221,
        0,
        0,
        0,
        0,
        10,
        0,
        0,
        0,
        0,
        0,
        0,
        0,
        0,
        0,
        0,
        0,
        0,
        0,
        0,
        0
      ],
      [
        0,
        0,
        0,
        186,
        13,
        0,
        0,
        0,
        1,
        0,
        0,
        0,
        0,
        2,
        0,
        0,
        0,
        0,
        0,
        0,
        0,
        0,
        0
      ],
      [
        0,
        0,
        0,
        56,
        143,
        0,
        0,
        0,
        0,
        0,
        0,
        0,
        0,
        1,
        0,
        0,
        0,
        1,
        0,
        0,
        0,
        0,
        0
      ],
      [
        0,
        0,
        0,
        0,
        0,
        0,
        0,
        0,
        0,
        0,
        0,
        0,
        0,
        0,
        2,
        0,
        0,
        0,
        0,
        0,
        0,
        0,
        0
      ],
      [
        0,
        0,
        0,
        0,
        0,
        0,
        0,
        0,
        1,
        0,
        0,
        0,
        0,
        0,
        0,
        0,
        0,
        0,
        0,
        0,
        3,
        0,
        1
      ],
      [
        0,
        0,
        0,
        0,
        0,
        0,
        0,
        27,
        0,
        0,
        0,
        0,
        0,
        0,
        0,
        0,
        0,
        0,
        0,
        0,
        0,
        0,
        0
      ],
      [
        0,
        0,
        0,
        0,
        0,
        0,
        0,
        0,
        203,
        0,
        0,
        0,
        0,
        0,
        0,
        0,
        0,
        0,
        2,
        0,
        0,
        0,
        0
      ],
      [
        0,
        0,
        0,
        0,
        0,
        0,
        0,
        0,
        0,
        202,
        0,
        0,
        0,
        0,
        0,
        1,
        0,
        0,
        0,
        0,
        0,
        0,
        0
      ],
      [
        3,
        0,
        0,
        0,
        0,
        0,
        0,
        0,
        0,
        1,
        132,
        30,
        1,
        0,
        0,
        0,
        21,
        0,
        0,
        0,
        0,
        0,
        0
      ],
      [
        2,
        0,
        0,
        0,
        0,
        0,
        0,
        0,
        0,
        1,
        16,
        44,
        11,
        0,
        0,
        0,
        9,
        0,
        0,
        0,
        0,
        0,
        0
      ],
      [
        0,
        0,
        0,
        0,
        0,
        0,
        0,
        0,
        0,
        0,
        4,
        8,
        37,
        0,
        0,
        0,
        3,
        0,
        0,
        0,
        0,
        0,
        0
      ],
      [
        0,
        0,
        0,
        0,
        0,
        0,
        0,
        0,
        1,
        2,
        0,
        0,
        0,
        196,
        1,
        0,
        0,
        1,
        5,
        0,
        2,
        0,
        0
      ],
      [
        0,
        0,
        0,
        0,
        0,
        0,
        0,
        0,
        0,
        0,
        0,
        0,
        0,
        0,
        74,
        3,
        0,
        1,
        1,
        0,
        0,
        0,
        0
      ],
      [
        0,
        0,
        0,
        0,
        0,
        0,
        0,
        0,
        0,
        0,
        0,
        0,
        0,
        0,
        3,
        153,
        0,
        0,
        0,
        0,
        0,
