{
  "experiment_id": "05_pair_r_m_concat_frozen_official",
  "fold": 0,
  "device": "cuda",
  "best_val_macro_f1": 0.5969726989422844,
  "test": {
    "accuracy": 0.824693685202639,
    "macro_precision": 0.5575922628482753,
    "macro_recall": 0.5557146183832188,
    "macro_f1": 0.5437686916031736,
    "per_class": {
      "0": {
        "precision": 0.0625,
        "recall": 0.125,
        "f1": 0.08333333333333333,
        "support": 8
      },
      "1": {
        "precision": 0.9606299212598425,
        "recall": 0.9457364341085271,
        "f1": 0.953125,
        "support": 129
      },
      "2": {
        "precision": 0.9568965517241379,
        "recall": 0.9694323144104804,
        "f1": 0.9631236442516269,
        "support": 229
      },
      "3": {
        "precision": 0.96875,
        "recall": 0.465,
        "f1": 0.6283783783783784,
        "support": 200
      },
      "4": {
        "precision": 0.6530612244897959,
        "recall": 0.9746192893401016,
        "f1": 0.7820773930753564,
        "support": 197
      },
      "5": {
        "precision": 0.0,
        "recall": 0.0,
        "f1": 0.0,
        "support": 1
      },
      "6": {
        "precision": 0.0,
        "recall": 0.0,
        "f1": 0.0,
        "support": 1
      },
      "7": {
        "precision": 0.7307692307692307,
        "recall": 0.7307692307692307,
        "f1": 0.7307692307692307,
        "support": 26
      },
      "8": {
        "precision": 0.9844559585492227,
        "recall": 0.945273631840796,
        "f1": 0.9644670050761421,
        "support": 201
      },
      "9": {
        "precision": 0.9897959183673469,
        "recall": 0.9748743718592965,
        "f1": 0.9822784810126582,
        "support": 199
      },
      "10": {
        "precision": 0.75,
        "recall": 0.8709677419354839,
        "f1": 0.8059701492537313,
        "support": 186
      },
      "11": {
        "precision": 0.42857142857142855,
        "recall": 0.375,
        "f1": 0.4,
        "support": 80
      },
      "12": {
        "precision": 0.75,
        "recall": 0.40384615384615385,
        "f1": 0.525,
        "support": 52
      },
      "13": {
        "precision": 0.9744897959183674,
        "recall": 0.9317073170731708,
        "f1": 0.9526184538653366,
        "support": 205
      },
      "14": {
        "precision": 0.8210526315789474,
        "recall": 1.0,
        "f1": 0.9017341040462428,
        "support": 78
      },
      "15": {
        "precision": 1.0,
        "recall": 0.9868421052631579,
        "f1": 0.9933774834437086,
        "support": 152
      },
      "16": {
        "precision": 0.21428571428571427,
        "recall": 0.3,
        "f1": 0.25,
        "support": 10
      },
      "17": {
        "precision": 0.16666666666666666,
        "recall": 0.14285714285714285,
        "f1": 0.15384615384615385,
        "support": 7
      },
      "18": {
        "precision": 0.44,
        "recall": 0.275,
        "f1": 0.3384615384615385,
        "support": 40
      },
      "19": {
        "precision": 0.0,
        "recall": 0.0,
        "f1": 0.0,
        "support": 2
      },
      "20": {
        "precision": 0.5764705882352941,
        "recall": 0.5568181818181818,
        "f1": 0.5664739884393064,
        "support": 88
      },
      "21": {
        "precision": 0.0,
        "recall": 0.0,
        "f1": 0.0,
        "support": 5
      },
      "22": {
        "precision": 0.39622641509433965,
        "recall": 0.8076923076923077,
        "f1": 0.5316455696202531,
        "support": 26
      }
    },
    "zero_support_classes": [],
    "confusion_matrix": [
      [
        1,
        0,
        0,
        0,
        0,
        0,
        0,
        0,
        0,
        0,
        5,
        1,
        1,
        0,
        0,
        0,
        0,
        0,
        0,
        0,
        0,
        0,
        0
      ],
      [
        0,
        122,
        1,
        0,
        0,
        0,
        0,
        1,
        0,
        0,
        0,
        0,
        0,
        0,
        0,
        0,
        0,
        0,
        0,
        0,
        2,
        0,
        3
      ],
      [
        0,
        1,
        222,
        0,
        0,
        0,
        0,
        6,
        0,
        0,
        0,
        0,
        0,
        0,
        0,
        0,
        0,
        0,
        0,
        0,
        0,
        0,
        0
      ],
      [
        0,
        0,
        0,
        93,
        102,
        0,
        0,
        0,
        0,
        0,
        0,
        0,
        0,
        3,
        2,
        0,
        0,
        0,
        0,
        0,
        0,
        0,
        0
      ],
      [
        0,
        1,
        0,
        3,
        192,
        0,
        0,
        0,
        0,
        0,
        0,
        0,
        0,
        0,
        0,
        0,
        0,
        0,
        1,
        0,
        0,
        0,
        0
      ],
      [
        0,
        0,
        0,
        0,
        0,
        0,
        0,
        0,
        0,
        0,
        0,
        0,
        0,
        0,
        1,
        0,
        0,
        0,
        0,
        0,
        0,
        0,
        0
      ],
      [
        0,
        0,
        0,
        0,
        0,
        0,
        0,
        0,
        0,
        0,
        0,
        0,
        0,
        0,
        0,
        0,
        0,
        0,
        0,
        0,
        0,
        0,
        1
      ],
      [
        0,
        0,
        7,
        0,
        0,
        0,
        0,
        19,
        0,
        0,
        0,
        0,
        0,
        0,
        0,
        0,
        0,
        0,
        0,
        0,
        0,
        0,
        0
      ],
      [
        0,
        3,
        0,
        0,
        0,
        0,
        0,
        0,
        190,
        0,
        0,
        0,
        0,
        0,
        1,
        0,
        0,
        0,
        2,
        0,
        5,
        0,
        0
      ],
      [
        0,
        0,
        0,
        0,
        0,
        0,
        0,
        0,
        0,
        194,
        3,
        1,
        0,
        0,
        0,
        0,
        1,
        0,
        0,
        0,
        0,
        0,
        0
      ],
      [
        3,
        0,
        0,
        0,
        0,
        0,
        0,
        0,
        0,
        0,
        162,
        16,
        1,
        0,
        0,
        0,
        4,
        0,
        0,
        0,
        0,
        0,
        0
      ],
      [
        4,
        0,
        0,
        0,
        0,
        0,
        0,
        0,
        0,
        0,
        38,
        30,
        4,
        0,
        0,
        0,
        4,
        0,
        0,
        0,
        0,
        0,
        0
      ],
      [
        5,
        0,
        0,
        0,
        0,
        0,
        0,
        0,
        0,
        0,
        6,
        18,
        21,
        0,
        0,
        0,
        2,
        0,
        0,
        0,
        0,
        0,
        0
      ],
      [
        0,
        0,
        0,
        0,
        0,
        0,
        0,
        0,
        1,
        2,
        0,
        2,
        0,
        191,
        3,
        0,
        0,
        0,
        0,
        0,
        2,
        0,
        4
      ],
      [
        0,
        0,
        0,
        0,
        0,
        0,
        0,
        0,
        0,
        0,
        0,
        0,
        0,
        0,
        78,
        0,
        0,
        0,
        0,
        0,
        0,
        0,
        0
      ],
      [
        0,
        0,
        0,
        0,
        0,
        0,
        0,
        0,
        0,
        0,
        0,
        0,
        0,
        0,
        1,
        150,
        0,
        0,
        0,
        0,
        0,
        0,
        1
      ],
      [
        3,
        0,
        0,
