{
  "experiment_id": "14_pair_m_e_finetune_wide_official",
  "fold": 3,
  "device": "cuda",
  "best_val_macro_f1": 0.6052694489292227,
  "test": {
    "accuracy": 0.8576814326107446,
    "macro_precision": 0.5728762913247616,
    "macro_recall": 0.5927304085480335,
    "macro_f1": 0.5717079799113108,
    "per_class": {
      "0": {
        "precision": 0.0,
        "recall": 0.0,
        "f1": 0.0,
        "support": 8
      },
      "1": {
        "precision": 0.9694656488549618,
        "recall": 0.9844961240310077,
        "f1": 0.9769230769230769,
        "support": 129
      },
      "2": {
        "precision": 0.9907407407407407,
        "recall": 0.9344978165938864,
        "f1": 0.9617977528089887,
        "support": 229
      },
      "3": {
        "precision": 0.8016877637130801,
        "recall": 0.95,
        "f1": 0.8695652173913043,
        "support": 200
      },
      "4": {
        "precision": 0.9554140127388535,
        "recall": 0.7614213197969543,
        "f1": 0.847457627118644,
        "support": 197
      },
      "5": {
        "precision": 0.0,
        "recall": 0.0,
        "f1": 0.0,
        "support": 1
      },
      "6": {
        "precision": 0.0,
        "recall": 0.0,
        "f1": 0.0,
        "support": 1
      },
      "7": {
        "precision": 0.65,
        "recall": 1.0,
        "f1": 0.7878787878787878,
        "support": 26
      },
      "8": {
        "precision": 0.9560975609756097,
        "recall": 0.9751243781094527,
        "f1": 0.9655172413793104,
        "support": 201
      },
      "9": {
        "precision": 0.9611650485436893,
        "recall": 0.9949748743718593,
        "f1": 0.9777777777777777,
        "support": 199
      },
      "10": {
        "precision": 0.8087431693989071,
        "recall": 0.7956989247311828,
        "f1": 0.8021680216802168,
        "support": 186
      },
      "11": {
        "precision": 0.43859649122807015,
        "recall": 0.3125,
        "f1": 0.36496350364963503,
        "support": 80
      },
      "12": {
        "precision": 0.6290322580645161,
        "recall": 0.75,
        "f1": 0.6842105263157895,
        "support": 52
      },
      "13": {
        "precision": 0.9947643979057592,
        "recall": 0.926829268292683,
        "f1": 0.9595959595959596,
        "support": 205
      },
      "14": {
        "precision": 0.9375,
        "recall": 0.9615384615384616,
        "f1": 0.9493670886075949,
        "support": 78
      },
      "15": {
        "precision": 1.0,
        "recall": 0.9868421052631579,
        "f1": 0.9933774834437086,
        "support": 152
      },
      "16": {
        "precision": 0.10344827586206896,
        "recall": 0.3,
        "f1": 0.15384615384615385,
        "support": 10
      },
      "17": {
        "precision": 0.2857142857142857,
        "recall": 0.5714285714285714,
        "f1": 0.38095238095238093,
        "support": 7
      },
      "18": {
        "precision": 0.625,
        "recall": 0.25,
        "f1": 0.35714285714285715,
        "support": 40
      },
      "19": {
        "precision": 0.0,
        "recall": 0.0,
        "f1": 0.0,
        "support": 2
      },
      "20": {
        "precision": 0.5887850467289719,
        "recall": 0.7159090909090909,
        "f1": 0.6461538461538462,
        "support": 88
      },
      "21": {
        "precision": 0.0,
        "recall": 0.0,
        "f1": 0.0,
        "support": 5
      },
      "22": {
        "precision": 0.48,
        "recall": 0.46153846153846156,
        "f1": 0.47058823529411764,
        "support": 26
      }
    },
    "zero_support_classes": [],
    "confusion_matrix": [
      [
        0,
        0,
        0,
        0,
        0,
        0,
        0,
        0,
        0,
        0,
        2,
        2,
        2,
        0,
        0,
        0,
        2,
        0,
        0,
        0,
        0,
        0,
        0
      ],
      [
        0,
        127,
        2,
        0,
        0,
        0,
        0,
        0,
        0,
        0,
        0,
        0,
        0,
        0,
        0,
        0,
        0,
        0,
        0,
        0,
        0,
        0,
        0
      ],
      [
        0,
        1,
        214,
        0,
        0,
        0,
        0,
        14,
        0,
        0,
        0,
        0,
        0,
        0,
        0,
        0,
        0,
        0,
        0,
        0,
        0,
        0,
        0
      ],
      [
        0,
        0,
        0,
        190,
        7,
        0,
        0,
        0,
        1,
        0,
        0,
        0,
        0,
        1,
        0,
        0,
        0,
        0,
        0,
        0,
        1,
        0,
        0
      ],
      [
        0,
        0,
        0,
        47,
        150,
        0,
        0,
        0,
        0,
        0,
        0,
        0,
        0,
        0,
        0,
        0,
        0,
        0,
        0,
        0,
        0,
        0,
        0
      ],
      [
        0,
        0,
        0,
        0,
        0,
        0,
        0,
        0,
        0,
        0,
        0,
        0,
        0,
        0,
        1,
        0,
        0,
        0,
        0,
        0,
        0,
        0,
        0
      ],
      [
        0,
        0,
        0,
        0,
        0,
        0,
        0,
        0,
        0,
        0,
        0,
        0,
        0,
        0,
        0,
        0,
        0,
        0,
        0,
        0,
        1,
        0,
        0
      ],
      [
        0,
        0,
        0,
        0,
        0,
        0,
        0,
        26,
        0,
        0,
        0,
        0,
        0,
        0,
        0,
        0,
        0,
        0,
        0,
        0,
        0,
        0,
        0
      ],
      [
        0,
        1,
        0,
        0,
        0,
        0,
        0,
        0,
        196,
        1,
        0,
        0,
        0,
        0,
        0,
        0,
        0,
        1,
        0,
        0,
        1,
        0,
        1
      ],
      [
        0,
        0,
        0,
        0,
        0,
        0,
        0,
        0,
        0,
        198,
        1,
        0,
        0,
        0,
        0,
        0,
        0,
        0,
        0,
        0,
        0,
        0,
        0
      ],
      [
        3,
        0,
        0,
        0,
        0,
        0,
        0,
        0,
        0,
        1,
        148,
        18,
        3,
        0,
        0,
        0,
        13,
        0,
        0,
        0,
        0,
        0,
        0
      ],
      [
        0,
        0,
        0,
        0,
        0,
        0,
        0,
        0,
        0,
        1,
        28,
        25,
        16,
        0,
        0,
        0,
        10,
        0,
        0,
        0,
        0,
        0,
        0
      ],
      [
        0,
        0,
        0,
        0,
        0,
        0,
        0,
        0,
        0,
        0,
        3,
        9,
        39,
        0,
        0,
        0,
        1,
        0,
        0,
        0,
        0,
        0,
        0
      ],
      [
        0,
        0,
        0,
        0,
        0,
        0,
        0,
        0,
        2,
        4,
        0,
        0,
        0,
        190,
        2,
        0,
        0,
        1,
        1,
        0,
        4,
        1,
        0
      ],
      [
        0,
        1,
        0,
        0,
        0,
        0,
        0,
        0,
        0,
        0,
        0,
        0,
        0,
        0,
        75,
        0,
        0,
        0,
        0,
        0,
        2,
        0,
        0
      ],
      [
        0,
        0,
        0,
        0,
        0,
        0,
        0,
        0,
        0,
        1,
        0,
        0,
        0,
        0,
        1,
        150,
        0,
        0,
        0,
        0,
        0,
        0,
        0
      ],
      [
        2,
