{
  "experiment_id": "14_pair_m_e_finetune_wide_official",
  "fold": 1,
  "device": "cuda",
  "best_val_macro_f1": 0.5665139911195791,
  "test": {
    "accuracy": 0.8548539114043355,
    "macro_precision": 0.5679681521519648,
    "macro_recall": 0.5984319120029638,
    "macro_f1": 0.5730816666492602,
    "per_class": {
      "0": {
        "precision": 0.0,
        "recall": 0.0,
        "f1": 0.0,
        "support": 8
      },
      "1": {
        "precision": 0.9921259842519685,
        "recall": 0.9767441860465116,
        "f1": 0.984375,
        "support": 129
      },
      "2": {
        "precision": 1.0,
        "recall": 0.8995633187772926,
        "f1": 0.9471264367816092,
        "support": 229
      },
      "3": {
        "precision": 0.9685534591194969,
        "recall": 0.77,
        "f1": 0.8579387186629527,
        "support": 200
      },
      "4": {
        "precision": 0.809322033898305,
        "recall": 0.9695431472081218,
        "f1": 0.8822170900692841,
        "support": 197
      },
      "5": {
        "precision": 0.0,
        "recall": 0.0,
        "f1": 0.0,
        "support": 1
      },
      "6": {
        "precision": 0.0,
        "recall": 0.0,
        "f1": 0.0,
        "support": 1
      },
      "7": {
        "precision": 0.5416666666666666,
        "recall": 1.0,
        "f1": 0.7027027027027027,
        "support": 26
      },
      "8": {
        "precision": 0.9611650485436893,
        "recall": 0.9850746268656716,
        "f1": 0.972972972972973,
        "support": 201
      },
      "9": {
        "precision": 0.9299065420560748,
        "recall": 1.0,
        "f1": 0.9636803874092009,
        "support": 199
      },
      "10": {
        "precision": 0.8740157480314961,
        "recall": 0.5967741935483871,
        "f1": 0.7092651757188498,
        "support": 186
      },
      "11": {
        "precision": 0.3698630136986301,
        "recall": 0.675,
        "f1": 0.4778761061946903,
        "support": 80
      },
      "12": {
        "precision": 0.7608695652173914,
        "recall": 0.6730769230769231,
        "f1": 0.7142857142857143,
        "support": 52
      },
      "13": {
        "precision": 0.9946808510638298,
        "recall": 0.9121951219512195,
        "f1": 0.9516539440203562,
        "support": 205
      },
      "14": {
        "precision": 0.8863636363636364,
        "recall": 1.0,
        "f1": 0.9397590361445783,
        "support": 78
      },
      "15": {
        "precision": 0.9933333333333333,
        "recall": 0.9802631578947368,
        "f1": 0.9867549668874173,
        "support": 152
      },
      "16": {
        "precision": 0.3,
        "recall": 0.3,
        "f1": 0.3,
        "support": 10
      },
      "17": {
        "precision": 0.0,
        "recall": 0.0,
        "f1": 0.0,
        "support": 7
      },
      "18": {
        "precision": 0.4528301886792453,
        "recall": 0.6,
        "f1": 0.5161290322580645,
        "support": 40
      },
      "19": {
        "precision": 0.0,
        "recall": 0.0,
        "f1": 0.0,
        "support": 2
      },
      "20": {
        "precision": 0.7285714285714285,
        "recall": 0.5795454545454546,
        "f1": 0.6455696202531646,
        "support": 88
      },
      "21": {
        "precision": 0.0,
        "recall": 0.0,
        "f1": 0.0,
        "support": 5
      },
      "22": {
        "precision": 0.5,
        "recall": 0.8461538461538461,
        "f1": 0.6285714285714286,
        "support": 26
      }
    },
    "zero_support_classes": [],
    "confusion_matrix": [
      [
        0,
        0,
        0,
        0,
        0,
        0,
        0,
        0,
        0,
        0,
        0,
        6,
        1,
        0,
        0,
        0,
        1,
        0,
        0,
        0,
        0,
        0,
        0
      ],
      [
        0,
        126,
        0,
        0,
        0,
        0,
        0,
        0,
        0,
        0,
        0,
        0,
        0,
        0,
        0,
        0,
        0,
        0,
        1,
        0,
        1,
        0,
        1
      ],
      [
        0,
        1,
        206,
        0,
        0,
        0,
        0,
        22,
        0,
        0,
        0,
        0,
        0,
        0,
        0,
        0,
        0,
        0,
        0,
        0,
        0,
        0,
        0
      ],
      [
        0,
        0,
        0,
        154,
        45,
        0,
        0,
        0,
        0,
        0,
        0,
        0,
        0,
        1,
        0,
        0,
        0,
        0,
        0,
        0,
        0,
        0,
        0
      ],
      [
        0,
        0,
        0,
        5,
        191,
        0,
        0,
        0,
        1,
        0,
        0,
        0,
        0,
        0,
        0,
        0,
        0,
        0,
        0,
        0,
        0,
        0,
        0
      ],
      [
        0,
        0,
        0,
        0,
        0,
        0,
        0,
        0,
        0,
        0,
        0,
        0,
        0,
        0,
        1,
        0,
        0,
        0,
        0,
        0,
        0,
        0,
        0
      ],
      [
        0,
        0,
        0,
        0,
        0,
        0,
        0,
        0,
        0,
        0,
        0,
        0,
        0,
        0,
        0,
        0,
        0,
        0,
        0,
        0,
        1,
        0,
        0
      ],
      [
        0,
        0,
        0,
        0,
        0,
        0,
        0,
        26,
        0,
        0,
        0,
        0,
        0,
        0,
        0,
        0,
        0,
        0,
        0,
        0,
        0,
        0,
        0
      ],
      [
        0,
        0,
        0,
        0,
        0,
        0,
        0,
        0,
        198,
        0,
        0,
        0,
        0,
        0,
        0,
        0,
        0,
        0,
        2,
        0,
        1,
        0,
        0
      ],
      [
        0,
        0,
        0,
        0,
        0,
        0,
        0,
        0,
        0,
        199,
        0,
        0,
        0,
        0,
        0,
        0,
        0,
        0,
        0,
        0,
        0,
        0,
        0
      ],
      [
        1,
        0,
        0,
        0,
        0,
        0,
        0,
        0,
        0,
        4,
        111,
        67,
        1,
        0,
        0,
        0,
        2,
        0,
        0,
        0,
        0,
        0,
        0
      ],
      [
        0,
        0,
        0,
        0,
        0,
        0,
        0,
        0,
        0,
        2,
        14,
        54,
        8,
        0,
        0,
        0,
        2,
        0,
        0,
        0,
        0,
        0,
        0
      ],
      [
        0,
        0,
        0,
        0,
        0,
        0,
        0,
        0,
        0,
        0,
        0,
        15,
        35,
        0,
        0,
        0,
        2,
        0,
        0,
        0,
        0,
        0,
        0
      ],
      [
        0,
        0,
        0,
        0,
        0,
        0,
        0,
        0,
        2,
        3,
        0,
        0,
        0,
        187,
        3,
        1,
        0,
        0,
        4,
        0,
        2,
        0,
        3
      ],
      [
        0,
        0,
        0,
        0,
        0,
        0,
        0,
        0,
        0,
        0,
        0,
        0,
        0,
        0,
        78,
        0,
        0,
        0,
        0,
        0,
        0,
        0,
        0
      ],
      [
        0,
        0,
        0,
        0,
        0,
        0,
        0,
        0,
        0,
        2,
        0,
        0,
        0,
        0,
        1,
        149,
        0,
        0,
        0,
        0,
        0,
        0,
        0
      ],
      [
        0,
        0,
        0,
        0,
        0,
        0,
        0,
        0,
