{
  "experiment_id": "15_triple_gmu_finetune_wide_official",
  "fold": 2,
  "device": "cuda",
  "best_val_macro_f1": 0.5826747283210898,
  "test": {
    "accuracy": 0.8557964184731386,
    "macro_precision": 0.5624426072251346,
    "macro_recall": 0.5908502081908881,
    "macro_f1": 0.5704705449414404,
    "per_class": {
      "0": {
        "precision": 0.0,
        "recall": 0.0,
        "f1": 0.0,
        "support": 8
      },
      "1": {
        "precision": 0.9689922480620154,
        "recall": 0.9689922480620154,
        "f1": 0.9689922480620154,
        "support": 129
      },
      "2": {
        "precision": 0.9953488372093023,
        "recall": 0.9344978165938864,
        "f1": 0.963963963963964,
        "support": 229
      },
      "3": {
        "precision": 0.905940594059406,
        "recall": 0.915,
        "f1": 0.9104477611940298,
        "support": 200
      },
      "4": {
        "precision": 0.9137055837563451,
        "recall": 0.9137055837563451,
        "f1": 0.9137055837563451,
        "support": 197
      },
      "5": {
        "precision": 0.0,
        "recall": 0.0,
        "f1": 0.0,
        "support": 1
      },
      "6": {
        "precision": 0.0,
        "recall": 0.0,
        "f1": 0.0,
        "support": 1
      },
      "7": {
        "precision": 0.6842105263157895,
        "recall": 1.0,
        "f1": 0.8125,
        "support": 26
      },
      "8": {
        "precision": 0.9061032863849765,
        "recall": 0.9601990049751243,
        "f1": 0.9323671497584541,
        "support": 201
      },
      "9": {
        "precision": 0.975,
        "recall": 0.9798994974874372,
        "f1": 0.9774436090225563,
        "support": 199
      },
      "10": {
        "precision": 0.8409090909090909,
        "recall": 0.7956989247311828,
        "f1": 0.8176795580110497,
        "support": 186
      },
      "11": {
        "precision": 0.38461538461538464,
        "recall": 0.3125,
        "f1": 0.3448275862068966,
        "support": 80
      },
      "12": {
        "precision": 0.4943820224719101,
        "recall": 0.8461538461538461,
        "f1": 0.624113475177305,
        "support": 52
      },
      "13": {
        "precision": 0.976878612716763,
        "recall": 0.824390243902439,
        "f1": 0.8941798941798942,
        "support": 205
      },
      "14": {
        "precision": 0.8395061728395061,
        "recall": 0.8717948717948718,
        "f1": 0.8553459119496856,
        "support": 78
      },
      "15": {
        "precision": 0.967948717948718,
        "recall": 0.993421052631579,
        "f1": 0.9805194805194806,
        "support": 152
      },
      "16": {
        "precision": 0.1111111111111111,
        "recall": 0.1,
        "f1": 0.10526315789473684,
        "support": 10
      },
      "17": {
        "precision": 0.2,
        "recall": 0.2857142857142857,
        "f1": 0.23529411764705882,
        "support": 7
      },
      "18": {
        "precision": 0.4,
        "recall": 0.6,
        "f1": 0.48,
        "support": 40
      },
      "19": {
        "precision": 0.0,
        "recall": 0.0,
        "f1": 0.0,
        "support": 2
      },
      "20": {
        "precision": 0.7777777777777778,
        "recall": 0.5568181818181818,
        "f1": 0.6490066225165563,
        "support": 88
      },
      "21": {
        "precision": 0.0,
        "recall": 0.0,
        "f1": 0.0,
        "support": 5
      },
      "22": {
        "precision": 0.59375,
        "recall": 0.7307692307692307,
        "f1": 0.6551724137931034,
        "support": 26
      }
    },
    "zero_support_classes": [],
    "confusion_matrix": [
      [
        0,
        0,
        0,
        0,
        0,
        0,
        0,
        0,
        0,
        0,
        1,
        2,
        5,
        0,
        0,
        0,
        0,
        0,
        0,
        0,
        0,
        0,
        0
      ],
      [
        0,
        125,
        0,
        0,
        1,
        0,
        0,
        0,
        1,
        0,
        0,
        0,
        0,
        0,
        0,
        0,
        0,
        0,
        1,
        0,
        1,
        0,
        0
      ],
      [
        0,
        3,
        214,
        0,
        0,
        0,
        0,
        12,
        0,
        0,
        0,
        0,
        0,
        0,
        0,
        0,
        0,
        0,
        0,
        0,
        0,
        0,
        0
      ],
      [
        0,
        0,
        0,
        183,
        16,
        0,
        0,
        0,
        0,
        0,
        1,
        0,
        0,
        0,
        0,
        0,
        0,
        0,
        0,
        0,
        0,
        0,
        0
      ],
      [
        0,
        0,
        1,
        16,
        180,
        0,
        0,
        0,
        0,
        0,
        0,
        0,
        0,
        0,
        0,
        0,
        0,
        0,
        0,
        0,
        0,
        0,
        0
      ],
      [
        0,
        0,
        0,
        0,
        0,
        0,
        0,
        0,
        0,
        0,
        0,
        0,
        0,
        0,
        1,
        0,
        0,
        0,
        0,
        0,
        0,
        0,
        0
      ],
      [
        0,
        0,
        0,
        0,
        0,
        0,
        0,
        0,
        1,
        0,
        0,
        0,
        0,
        0,
        0,
        0,
        0,
        0,
        0,
        0,
        0,
        0,
        0
      ],
      [
        0,
        0,
        0,
        0,
        0,
        0,
        0,
        26,
        0,
        0,
        0,
        0,
        0,
        0,
        0,
        0,
        0,
        0,
        0,
        0,
        0,
        0,
        0
      ],
      [
        0,
        1,
        0,
        0,
        0,
        0,
        0,
        0,
        193,
        0,
        0,
        0,
        0,
        0,
        0,
        0,
        0,
        2,
        4,
        0,
        1,
        0,
        0
      ],
      [
        0,
        0,
        0,
        0,
        0,
        0,
        0,
        0,
        0,
        195,
        0,
        2,
        1,
        0,
        0,
        1,
        0,
        0,
        0,
        0,
        0,
        0,
        0
      ],
      [
        0,
        0,
        0,
        0,
        0,
        0,
        0,
        0,
        0,
        0,
        148,
        28,
        7,
        0,
        0,
        0,
        3,
        0,
        0,
        0,
        0,
        0,
        0
      ],
      [
        2,
        0,
        0,
        0,
        0,
        0,
        0,
        0,
        0,
        0,
        22,
        25,
        27,
        0,
        0,
        0,
        4,
        0,
        0,
        0,
        0,
        0,
        0
      ],
      [
        0,
        0,
        0,
        0,
        0,
        0,
        0,
        0,
        0,
        0,
        2,
        5,
        44,
        0,
        0,
        0,
        1,
        0,
        0,
        0,
        0,
        0,
        0
      ],
      [
        0,
        0,
        0,
        3,
        0,
        1,
        0,
        0,
        11,
        4,
        1,
        0,
        0,
        169,
        8,
        1,
        0,
        3,
        3,
        0,
        0,
        0,
        1
      ],
      [
        0,
        0,
        0,
        0,
        0,
        7,
        0,
        0,
        0,
        0,
        0,
        0,
        0,
        0,
        68,
        2,
        0,
        0,
        0,
        0,
        1,
        0,
        0
      ],
      [
        0,
        0,
        0,
        0,
        0,
        0,
        0,
        0,
        0,
        0,
        0,
        0,
        0,
        0,
        1,
        151,
        0,
        0,
        0,
        0,
        0,
        0,
        0
      ],
      [
        0,
        0,
