{
  "experiment_id": "10_triple_concat_finetune_wide_official",
  "fold": 1,
  "device": "cuda",
  "best_val_macro_f1": 0.5794020745911339,
  "test": {
    "accuracy": 0.8605089538171536,
    "macro_precision": 0.5709439362986407,
    "macro_recall": 0.5897271702614578,
    "macro_f1": 0.5708721405484336,
    "per_class": {
      "0": {
        "precision": 0.0,
        "recall": 0.0,
        "f1": 0.0,
        "support": 8
      },
      "1": {
        "precision": 1.0,
        "recall": 0.9689922480620154,
        "f1": 0.984251968503937,
        "support": 129
      },
      "2": {
        "precision": 0.9951923076923077,
        "recall": 0.9039301310043668,
        "f1": 0.9473684210526315,
        "support": 229
      },
      "3": {
        "precision": 0.9068627450980392,
        "recall": 0.925,
        "f1": 0.9158415841584159,
        "support": 200
      },
      "4": {
        "precision": 0.927461139896373,
        "recall": 0.9086294416243654,
        "f1": 0.9179487179487179,
        "support": 197
      },
      "5": {
        "precision": 0.0,
        "recall": 0.0,
        "f1": 0.0,
        "support": 1
      },
      "6": {
        "precision": 0.0,
        "recall": 0.0,
        "f1": 0.0,
        "support": 1
      },
      "7": {
        "precision": 0.5306122448979592,
        "recall": 1.0,
        "f1": 0.6933333333333334,
        "support": 26
      },
      "8": {
        "precision": 0.9748743718592965,
        "recall": 0.9651741293532339,
        "f1": 0.97,
        "support": 201
      },
      "9": {
        "precision": 0.9800995024875622,
        "recall": 0.9899497487437185,
        "f1": 0.985,
        "support": 199
      },
      "10": {
        "precision": 0.8081395348837209,
        "recall": 0.7473118279569892,
        "f1": 0.776536312849162,
        "support": 186
      },
      "11": {
        "precision": 0.3853211009174312,
        "recall": 0.525,
        "f1": 0.4444444444444444,
        "support": 80
      },
      "12": {
        "precision": 0.7254901960784313,
        "recall": 0.7115384615384616,
        "f1": 0.7184466019417476,
        "support": 52
      },
      "13": {
        "precision": 0.9948186528497409,
        "recall": 0.9365853658536586,
        "f1": 0.964824120603015,
        "support": 205
      },
      "14": {
        "precision": 0.9047619047619048,
        "recall": 0.9743589743589743,
        "f1": 0.9382716049382716,
        "support": 78
      },
      "15": {
        "precision": 1.0,
        "recall": 0.9605263157894737,
        "f1": 0.9798657718120806,
        "support": 152
      },
      "16": {
        "precision": 0.125,
        "recall": 0.1,
        "f1": 0.1111111111111111,
        "support": 10
      },
      "17": {
        "precision": 0.18181818181818182,
        "recall": 0.2857142857142857,
        "f1": 0.2222222222222222,
        "support": 7
      },
      "18": {
        "precision": 0.3253012048192771,
        "recall": 0.675,
        "f1": 0.43902439024390244,
        "support": 40
      },
      "19": {
        "precision": 0.0,
        "recall": 0.0,
        "f1": 0.0,
        "support": 2
      },
      "20": {
        "precision": 0.7659574468085106,
        "recall": 0.4090909090909091,
        "f1": 0.5333333333333333,
        "support": 88
      },
      "21": {
        "precision": 0.0,
        "recall": 0.0,
        "f1": 0.0,
        "support": 5
      },
      "22": {
        "precision": 0.6,
        "recall": 0.5769230769230769,
        "f1": 0.5882352941176471,
        "support": 26
      }
    },
    "zero_support_classes": [],
    "confusion_matrix": [
      [
        0,
        0,
        0,
        0,
        0,
        0,
        0,
        0,
        0,
        0,
        0,
        7,
        1,
        0,
        0,
        0,
        0,
        0,
        0,
        0,
        0,
        0,
        0
      ],
      [
        0,
        125,
        0,
        0,
        0,
        0,
        0,
        1,
        0,
        0,
        0,
        0,
        0,
        0,
        0,
        0,
        0,
        1,
        0,
        1,
        0,
        0,
        1
      ],
      [
        0,
        0,
        207,
        0,
        0,
        0,
        0,
        22,
        0,
        0,
        0,
        0,
        0,
        0,
        0,
        0,
        0,
        0,
        0,
        0,
        0,
        0,
        0
      ],
      [
        0,
        0,
        0,
        185,
        14,
        0,
        0,
        0,
        0,
        0,
        0,
        0,
        0,
        0,
        0,
        0,
        0,
        0,
        1,
        0,
        0,
        0,
        0
      ],
      [
        0,
        0,
        0,
        18,
        179,
        0,
        0,
        0,
        0,
        0,
        0,
        0,
        0,
        0,
        0,
        0,
        0,
        0,
        0,
        0,
        0,
        0,
        0
      ],
      [
        0,
        0,
        0,
        0,
        0,
        0,
        0,
        0,
        0,
        0,
        0,
        0,
        0,
        0,
        1,
        0,
        0,
        0,
        0,
        0,
        0,
        0,
        0
      ],
      [
        0,
        0,
        0,
        0,
        0,
        0,
        0,
        0,
        0,
        0,
        0,
        0,
        0,
        0,
        0,
        0,
        0,
        0,
        0,
        1,
        0,
        0,
        0
      ],
      [
        0,
        0,
        0,
        0,
        0,
        0,
        0,
        26,
        0,
        0,
        0,
        0,
        0,
        0,
        0,
        0,
        0,
        0,
        0,
        0,
        0,
        0,
        0
      ],
      [
        0,
        0,
        0,
        0,
        0,
        0,
        0,
        0,
        194,
        0,
        0,
        0,
        0,
        0,
        0,
        0,
        0,
        3,
        4,
        0,
        0,
        0,
        0
      ],
      [
        0,
        0,
        0,
        0,
        0,
        0,
        0,
        0,
        0,
        197,
        0,
        1,
        0,
        0,
        0,
        0,
        0,
        0,
        1,
        0,
        0,
        0,
        0
      ],
      [
        0,
        0,
        0,
        0,
        0,
        0,
        0,
        0,
        0,
        1,
        139,
        42,
        1,
        0,
        0,
        0,
        3,
        0,
        0,
        0,
        0,
        0,
        0
      ],
      [
        0,
        0,
        0,
        0,
        0,
        0,
        0,
        0,
        0,
        0,
        28,
        42,
        7,
        0,
        0,
        0,
        3,
        0,
        0,
        0,
        0,
        0,
        0
      ],
      [
        0,
        0,
        0,
        0,
        0,
        0,
        0,
        0,
        0,
        0,
        1,
        13,
        37,
        0,
        0,
        0,
        1,
        0,
        0,
        0,
        0,
        0,
        0
      ],
      [
        0,
        0,
        0,
        1,
        0,
        0,
        0,
        0,
        2,
        0,
        1,
        1,
        0,
        192,
        4,
        0,
        0,
        1,
        1,
        1,
        1,
        0,
        0
      ],
      [
        0,
        0,
        1,
        0,
        0,
        0,
        0,
        0,
        0,
        0,
        0,
        0,
        0,
        0,
        76,
        0,
        0,
        0,
        1,
        0,
        0,
        0,
        0
      ],
      [
        0,
        0,
        0,
        0,
        0,
        0,
        0,
        0,
        0,
        2,
        0,
        0,
        2,
        0,
        2,
        146,
        0,
        0,
        0,
        0,
        0,
        0,
        0
      ],
      [
        1,
        0,
