{
  "experiment_id": "02_single_mobilenetv2_frozen_official",
  "fold": 0,
  "device": "cuda",
  "best_val_macro_f1": 0.6016442657428702,
  "test": {
    "accuracy": 0.8482563619227145,
    "macro_precision": 0.5618243338784956,
    "macro_recall": 0.5567473236497231,
    "macro_f1": 0.5501995713390727,
    "per_class": {
      "0": {
        "precision": 0.0,
        "recall": 0.0,
        "f1": 0.0,
        "support": 8
      },
      "1": {
        "precision": 0.9761904761904762,
        "recall": 0.9534883720930233,
        "f1": 0.9647058823529412,
        "support": 129
      },
      "2": {
        "precision": 0.9954545454545455,
        "recall": 0.9563318777292577,
        "f1": 0.9755011135857461,
        "support": 229
      },
      "3": {
        "precision": 0.9416058394160584,
        "recall": 0.645,
        "f1": 0.7655786350148368,
        "support": 200
      },
      "4": {
        "precision": 0.7248062015503876,
        "recall": 0.949238578680203,
        "f1": 0.8219780219780219,
        "support": 197
      },
      "5": {
        "precision": 0.0,
        "recall": 0.0,
        "f1": 0.0,
        "support": 1
      },
      "6": {
        "precision": 0.0,
        "recall": 0.0,
        "f1": 0.0,
        "support": 1
      },
      "7": {
        "precision": 0.7428571428571429,
        "recall": 1.0,
        "f1": 0.8524590163934426,
        "support": 26
      },
      "8": {
        "precision": 0.9746192893401016,
        "recall": 0.9552238805970149,
        "f1": 0.964824120603015,
        "support": 201
      },
      "9": {
        "precision": 0.9949238578680203,
        "recall": 0.9849246231155779,
        "f1": 0.98989898989899,
        "support": 199
      },
      "10": {
        "precision": 0.6745098039215687,
        "recall": 0.9247311827956989,
        "f1": 0.780045351473923,
        "support": 186
      },
      "11": {
        "precision": 0.45,
        "recall": 0.225,
        "f1": 0.3,
        "support": 80
      },
      "12": {
        "precision": 0.6486486486486487,
        "recall": 0.46153846153846156,
        "f1": 0.5393258426966292,
        "support": 52
      },
      "13": {
        "precision": 0.9850746268656716,
        "recall": 0.9658536585365853,
        "f1": 0.9753694581280788,
        "support": 205
      },
      "14": {
        "precision": 0.9166666666666666,
        "recall": 0.9871794871794872,
        "f1": 0.9506172839506173,
        "support": 78
      },
      "15": {
        "precision": 0.9934640522875817,
        "recall": 1.0,
        "f1": 0.9967213114754099,
        "support": 152
      },
      "16": {
        "precision": 0.3333333333333333,
        "recall": 0.1,
        "f1": 0.15384615384615385,
        "support": 10
      },
      "17": {
        "precision": 0.0,
        "recall": 0.0,
        "f1": 0.0,
        "support": 7
      },
      "18": {
        "precision": 0.375,
        "recall": 0.375,
        "f1": 0.375,
        "support": 40
      },
      "19": {
        "precision": 0.0,
        "recall": 0.0,
        "f1": 0.0,
        "support": 2
      },
      "20": {
        "precision": 0.6190476190476191,
        "recall": 0.5909090909090909,
        "f1": 0.6046511627906976,
        "support": 88
      },
      "21": {
        "precision": 0.0,
        "recall": 0.0,
        "f1": 0.0,
        "support": 5
      },
      "22": {
        "precision": 0.5757575757575758,
        "recall": 0.7307692307692307,
        "f1": 0.6440677966101694,
        "support": 26
      }
    },
    "zero_support_classes": [],
    "confusion_matrix": [
      [
        0,
        0,
        0,
        0,
        0,
        0,
        0,
        0,
        0,
        0,
        5,
        0,
        2,
        0,
        0,
        0,
        1,
        0,
        0,
        0,
        0,
        0,
        0
      ],
      [
        0,
        123,
        0,
        0,
        0,
        0,
        0,
        1,
        0,
        0,
        0,
        0,
        0,
        0,
        0,
        0,
        0,
        0,
        0,
        0,
        3,
        0,
        2
      ],
      [
        0,
        2,
        219,
        0,
        0,
        0,
        0,
        8,
        0,
        0,
        0,
        0,
        0,
        0,
        0,
        0,
        0,
        0,
        0,
        0,
        0,
        0,
        0
      ],
      [
        0,
        0,
        0,
        129,
        70,
        0,
        0,
        0,
        0,
        0,
        0,
        0,
        0,
        0,
        1,
        0,
        0,
        0,
        0,
        0,
        0,
        0,
        0
      ],
      [
        0,
        0,
        0,
        8,
        187,
        0,
        0,
        0,
        1,
        0,
        0,
        0,
        0,
        0,
        0,
        0,
        0,
        0,
        0,
        0,
        1,
        0,
        0
      ],
      [
        0,
        0,
        0,
        0,
        0,
        0,
        0,
        0,
        0,
        0,
        0,
        0,
        0,
        0,
        1,
        0,
        0,
        0,
        0,
        0,
        0,
        0,
        0
      ],
      [
        0,
        0,
        0,
        0,
        0,
        0,
        0,
        0,
        0,
        0,
        0,
        0,
        0,
        0,
        0,
        0,
        0,
        0,
        0,
        0,
        1,
        0,
        0
      ],
      [
        0,
        0,
        0,
        0,
        0,
        0,
        0,
        26,
        0,
        0,
        0,
        0,
        0,
        0,
        0,
        0,
        0,
        0,
        0,
        0,
        0,
        0,
        0
      ],
      [
        0,
        1,
        0,
        0,
        1,
        0,
        0,
        0,
        192,
        0,
        0,
        0,
        0,
        1,
        1,
        0,
        0,
        0,
        2,
        0,
        3,
        0,
        0
      ],
      [
        0,
        0,
        0,
        0,
        0,
        0,
        0,
        0,
        0,
        196,
        3,
        0,
        0,
        0,
        0,
        0,
        0,
        0,
        0,
        0,
        0,
        0,
        0
      ],
      [
        4,
        0,
        0,
        0,
        0,
        0,
        0,
        0,
        0,
        0,
        172,
        8,
        2,
        0,
        0,
        0,
        0,
        0,
        0,
        0,
        0,
        0,
        0
      ],
      [
        2,
        0,
        0,
        0,
        0,
        0,
        0,
        0,
        0,
        0,
        54,
        18,
        6,
        0,
        0,
        0,
        0,
        0,
        0,
        0,
        0,
        0,
        0
      ],
      [
        2,
        0,
        0,
        0,
        0,
        0,
        0,
        0,
        0,
        0,
        12,
        13,
        24,
        0,
        0,
        0,
        1,
        0,
        0,
        0,
        0,
        0,
        0
      ],
      [
        0,
        0,
        0,
        0,
        0,
        0,
        0,
        0,
        0,
        1,
        0,
        1,
        0,
        198,
        2,
        0,
        0,
        0,
        1,
        0,
        1,
        0,
        1
      ],
      [
        0,
        0,
        0,
        0,
        0,
        0,
        0,
        0,
        0,
        0,
        0,
        0,
        0,
        0,
        77,
        1,
        0,
        0,
        0,
        0,
        0,
        0,
        0
      ],
      [
        0,
        0,
        0,
        0,
        0,
        0,
        0,
        0,
        0,
        0,
        0,
        0,
        0,
        0,
        0,
        152,
        0,
        0,
        0,
        0,
        0,
        0,
        0
      ],
      [
        0,
        0,
        0,
        0,
        0,
