{
  "experiment_id": "16_triple_weighted_finetune_focal_official",
  "fold": 3,
  "device": "cuda",
  "best_val_macro_f1": 0.5799938633434227,
  "test": {
    "accuracy": 0.8393025447690857,
    "macro_precision": 0.576082038770469,
    "macro_recall": 0.6171363686139408,
    "macro_f1": 0.5741219761066975,
    "per_class": {
      "0": {
        "precision": 0.08,
        "recall": 0.25,
        "f1": 0.12121212121212122,
        "support": 8
      },
      "1": {
        "precision": 1.0,
        "recall": 0.9147286821705426,
        "f1": 0.9554655870445344,
        "support": 129
      },
      "2": {
        "precision": 0.9358974358974359,
        "recall": 0.9563318777292577,
        "f1": 0.9460043196544277,
        "support": 229
      },
      "3": {
        "precision": 0.8185840707964602,
        "recall": 0.925,
        "f1": 0.8685446009389671,
        "support": 200
      },
      "4": {
        "precision": 0.9493670886075949,
        "recall": 0.7614213197969543,
        "f1": 0.8450704225352113,
        "support": 197
      },
      "5": {
        "precision": 0.0,
        "recall": 0.0,
        "f1": 0.0,
        "support": 1
      },
      "6": {
        "precision": 0.0,
        "recall": 0.0,
        "f1": 0.0,
        "support": 1
      },
      "7": {
        "precision": 0.6764705882352942,
        "recall": 0.8846153846153846,
        "f1": 0.7666666666666667,
        "support": 26
      },
      "8": {
        "precision": 0.9836956521739131,
        "recall": 0.900497512437811,
        "f1": 0.9402597402597402,
        "support": 201
      },
      "9": {
        "precision": 0.9705882352941176,
        "recall": 0.9949748743718593,
        "f1": 0.9826302729528535,
        "support": 199
      },
      "10": {
        "precision": 0.87248322147651,
        "recall": 0.6989247311827957,
        "f1": 0.7761194029850746,
        "support": 186
      },
      "11": {
        "precision": 0.5348837209302325,
        "recall": 0.2875,
        "f1": 0.37398373983739835,
        "support": 80
      },
      "12": {
        "precision": 0.7450980392156863,
        "recall": 0.7307692307692307,
        "f1": 0.7378640776699029,
        "support": 52
      },
      "13": {
        "precision": 0.979381443298969,
        "recall": 0.926829268292683,
        "f1": 0.9523809523809523,
        "support": 205
      },
      "14": {
        "precision": 0.961038961038961,
        "recall": 0.9487179487179487,
        "f1": 0.9548387096774194,
        "support": 78
      },
      "15": {
        "precision": 1.0,
        "recall": 0.993421052631579,
        "f1": 0.9966996699669967,
        "support": 152
      },
      "16": {
        "precision": 0.08955223880597014,
        "recall": 0.6,
        "f1": 0.15584415584415584,
        "support": 10
      },
      "17": {
        "precision": 0.14285714285714285,
        "recall": 0.7142857142857143,
        "f1": 0.23809523809523808,
        "support": 7
      },
      "18": {
        "precision": 0.42857142857142855,
        "recall": 0.45,
        "f1": 0.43902439024390244,
        "support": 40
      },
      "19": {
        "precision": 0.0,
        "recall": 0.0,
        "f1": 0.0,
        "support": 2
      },
      "20": {
        "precision": 0.6091954022988506,
        "recall": 0.6022727272727273,
        "f1": 0.6057142857142858,
        "support": 88
      },
      "21": {
        "precision": 0.0,
        "recall": 0.0,
        "f1": 0.0,
        "support": 5
      },
      "22": {
        "precision": 0.4722222222222222,
        "recall": 0.6538461538461539,
        "f1": 0.5483870967741935,
        "support": 26
      }
    },
    "zero_support_classes": [],
    "confusion_matrix": [
      [
        2,
        0,
        0,
        0,
        0,
        0,
        0,
        0,
        0,
        0,
        0,
        1,
        0,
        0,
        0,
        0,
        5,
        0,
        0,
        0,
        0,
        0,
        0
      ],
      [
        0,
        118,
        11,
        0,
        0,
        0,
        0,
        0,
        0,
        0,
        0,
        0,
        0,
        0,
        0,
        0,
        0,
        0,
        0,
        0,
        0,
        0,
        0
      ],
      [
        0,
        0,
        219,
        0,
        0,
        0,
        0,
        10,
        0,
        0,
        0,
        0,
        0,
        0,
        0,
        0,
        0,
        0,
        0,
        0,
        0,
        0,
        0
      ],
      [
        0,
        0,
        0,
        185,
        8,
        0,
        0,
        1,
        0,
        0,
        0,
        0,
        0,
        3,
        0,
        0,
        0,
        1,
        1,
        0,
        1,
        0,
        0
      ],
      [
        0,
        0,
        1,
        41,
        150,
        0,
        0,
        0,
        0,
        0,
        0,
        0,
        0,
        0,
        0,
        0,
        0,
        2,
        0,
        0,
        1,
        0,
        2
      ],
      [
        0,
        0,
        0,
        0,
        0,
        0,
        0,
        0,
        0,
        0,
        0,
        0,
        0,
        0,
        1,
        0,
        0,
        0,
        0,
        0,
        0,
        0,
        0
      ],
      [
        0,
        0,
        0,
        0,
        0,
        0,
        0,
        0,
        0,
        0,
        0,
        0,
        0,
        0,
        0,
        0,
        0,
        0,
        0,
        0,
        1,
        0,
        0
      ],
      [
        0,
        0,
        3,
        0,
        0,
        0,
        0,
        23,
        0,
        0,
        0,
        0,
        0,
        0,
        0,
        0,
        0,
        0,
        0,
        0,
        0,
        0,
        0
      ],
      [
        0,
        0,
        0,
        0,
        0,
        0,
        2,
        0,
        181,
        0,
        0,
        0,
        0,
        1,
        0,
        0,
        0,
        12,
        4,
        0,
        1,
        0,
        0
      ],
      [
        0,
        0,
        0,
        0,
        0,
        0,
        0,
        0,
        0,
        198,
        0,
        0,
        0,
        0,
        0,
        0,
        0,
        0,
        1,
        0,
        0,
        0,
        0
      ],
      [
        15,
        0,
        0,
        0,
        0,
        0,
        0,
        0,
        0,
        1,
        130,
        14,
        2,
        0,
        0,
        0,
        24,
        0,
        0,
        0,
        0,
        0,
        0
      ],
      [
        3,
        0,
        0,
        0,
        0,
        0,
        0,
        0,
        0,
        0,
        18,
        23,
        11,
        0,
        0,
        0,
        25,
        0,
        0,
        0,
        0,
        0,
        0
      ],
      [
        3,
        0,
        0,
        0,
        0,
        0,
        0,
        0,
        0,
        0,
        0,
        4,
        38,
        0,
        0,
        0,
        7,
        0,
        0,
        0,
        0,
        0,
        0
      ],
      [
        0,
        0,
        0,
        0,
        0,
        0,
        0,
        0,
        0,
        4,
        0,
        0,
        0,
        190,
        2,
        0,
        0,
        4,
        2,
        0,
        3,
        0,
        0
      ],
      [
        0,
        0,
        0,
        0,
        0,
        0,
        0,
        0,
        0,
        0,
        0,
        0,
        0,
        0,
        74,
        0,
        0,
        2,
        1,
        0,
        1,
        0,
        0
      ],
      [
        0,
        0,
        0,
        0,
        0,
        0,
        0,
        0,
        0,
        1,
        0,
        0,
        0,
        0,
        0,
        151,
        0,
