{
  "experiment_id": "13_single_efficientnetb0_finetune_wide_official",
  "fold": 3,
  "device": "cuda",
  "best_val_macro_f1": 0.5874356558629801,
  "test": {
    "accuracy": 0.8440150801131009,
    "macro_precision": 0.562001666278667,
    "macro_recall": 0.5736004005043608,
    "macro_f1": 0.5605783850852201,
    "per_class": {
      "0": {
        "precision": 0.16666666666666666,
        "recall": 0.125,
        "f1": 0.14285714285714285,
        "support": 8
      },
      "1": {
        "precision": 0.9694656488549618,
        "recall": 0.9844961240310077,
        "f1": 0.9769230769230769,
        "support": 129
      },
      "2": {
        "precision": 0.9776785714285714,
        "recall": 0.9563318777292577,
        "f1": 0.9668874172185431,
        "support": 229
      },
      "3": {
        "precision": 0.8811881188118812,
        "recall": 0.89,
        "f1": 0.8855721393034826,
        "support": 200
      },
      "4": {
        "precision": 0.8963730569948186,
        "recall": 0.8781725888324873,
        "f1": 0.8871794871794871,
        "support": 197
      },
      "5": {
        "precision": 0.0,
        "recall": 0.0,
        "f1": 0.0,
        "support": 1
      },
      "6": {
        "precision": 0.0,
        "recall": 0.0,
        "f1": 0.0,
        "support": 1
      },
      "7": {
        "precision": 0.6666666666666666,
        "recall": 0.8461538461538461,
        "f1": 0.7457627118644068,
        "support": 26
      },
      "8": {
        "precision": 0.9695431472081218,
        "recall": 0.9502487562189055,
        "f1": 0.9597989949748744,
        "support": 201
      },
      "9": {
        "precision": 0.975,
        "recall": 0.9798994974874372,
        "f1": 0.9774436090225563,
        "support": 199
      },
      "10": {
        "precision": 0.8706896551724138,
        "recall": 0.543010752688172,
        "f1": 0.6688741721854304,
        "support": 186
      },
      "11": {
        "precision": 0.31,
        "recall": 0.3875,
        "f1": 0.34444444444444444,
        "support": 80
      },
      "12": {
        "precision": 0.5625,
        "recall": 0.8653846153846154,
        "f1": 0.6818181818181818,
        "support": 52
      },
      "13": {
        "precision": 0.9844559585492227,
        "recall": 0.926829268292683,
        "f1": 0.9547738693467337,
        "support": 205
      },
      "14": {
        "precision": 0.9390243902439024,
        "recall": 0.9871794871794872,
        "f1": 0.9625,
        "support": 78
      },
      "15": {
        "precision": 0.9934640522875817,
        "recall": 1.0,
        "f1": 0.9967213114754099,
        "support": 152
      },
      "16": {
        "precision": 0.05555555555555555,
        "recall": 0.2,
        "f1": 0.08695652173913043,
        "support": 10
      },
      "17": {
        "precision": 0.2222222222222222,
        "recall": 0.2857142857142857,
        "f1": 0.25,
        "support": 7
      },
      "18": {
        "precision": 0.39285714285714285,
        "recall": 0.275,
        "f1": 0.3235294117647059,
        "support": 40
      },
      "19": {
        "precision": 0.0,
        "recall": 0.0,
        "f1": 0.0,
        "support": 2
      },
      "20": {
        "precision": 0.5663716814159292,
        "recall": 0.7272727272727273,
        "f1": 0.6368159203980099,
        "support": 88
      },
      "21": {
        "precision": 0.0,
        "recall": 0.0,
        "f1": 0.0,
        "support": 5
      },
      "22": {
        "precision": 0.5263157894736842,
        "recall": 0.38461538461538464,
        "f1": 0.4444444444444444,
        "support": 26
      }
    },
    "zero_support_classes": [],
    "confusion_matrix": [
      [
        1,
        0,
        0,
        0,
        0,
        0,
        0,
        0,
        0,
        0,
        1,
        2,
        0,
        0,
        0,
        0,
        4,
        0,
        0,
        0,
        0,
        0,
        0
      ],
      [
        0,
        127,
        1,
        0,
        0,
        0,
        0,
        1,
        0,
        0,
        0,
        0,
        0,
        0,
        0,
        0,
        0,
        0,
        0,
        0,
        0,
        0,
        0
      ],
      [
        0,
        0,
        219,
        0,
        0,
        0,
        0,
        10,
        0,
        0,
        0,
        0,
        0,
        0,
        0,
        0,
        0,
        0,
        0,
        0,
        0,
        0,
        0
      ],
      [
        0,
        0,
        0,
        178,
        19,
        0,
        0,
        0,
        0,
        0,
        0,
        0,
        0,
        1,
        0,
        0,
        0,
        0,
        1,
        0,
        1,
        0,
        0
      ],
      [
        0,
        0,
        0,
        24,
        173,
        0,
        0,
        0,
        0,
        0,
        0,
        0,
        0,
        0,
        0,
        0,
        0,
        0,
        0,
        0,
        0,
        0,
        0
      ],
      [
        0,
        0,
        0,
        0,
        0,
        0,
        0,
        0,
        0,
        0,
        0,
        0,
        0,
        0,
        1,
        0,
        0,
        0,
        0,
        0,
        0,
        0,
        0
      ],
      [
        0,
        0,
        0,
        0,
        0,
        0,
        0,
        0,
        0,
        0,
        0,
        0,
        0,
        0,
        0,
        0,
        0,
        0,
        0,
        0,
        1,
        0,
        0
      ],
      [
        0,
        0,
        4,
        0,
        0,
        0,
        0,
        22,
        0,
        0,
        0,
        0,
        0,
        0,
        0,
        0,
        0,
        0,
        0,
        0,
        0,
        0,
        0
      ],
      [
        0,
        1,
        0,
        0,
        0,
        0,
        0,
        0,
        191,
        0,
        0,
        0,
        0,
        1,
        0,
        0,
        0,
        2,
        4,
        0,
        2,
        0,
        0
      ],
      [
        0,
        0,
        0,
        0,
        0,
        0,
        0,
        0,
        0,
        195,
        0,
        1,
        0,
        0,
        0,
        1,
        1,
        0,
        1,
        0,
        0,
        0,
        0
      ],
      [
        4,
        0,
        0,
        0,
        0,
        0,
        0,
        0,
        0,
        1,
        101,
        55,
        9,
        0,
        0,
        0,
        16,
        0,
        0,
        0,
        0,
        0,
        0
      ],
      [
        0,
        0,
        0,
        0,
        0,
        0,
        0,
        0,
        0,
        0,
        13,
        31,
        24,
        0,
        0,
        0,
        12,
        0,
        0,
        0,
        0,
        0,
        0
      ],
      [
        0,
        0,
        0,
        0,
        0,
        0,
        0,
        0,
        0,
        0,
        0,
        6,
        45,
        0,
        0,
        0,
        1,
        0,
        0,
        0,
        0,
        0,
        0
      ],
      [
        0,
        0,
        0,
        0,
        0,
        0,
        0,
        0,
        1,
        4,
        0,
        1,
        0,
        190,
        3,
        0,
        0,
        0,
        2,
        0,
        4,
        0,
        0
      ],
      [
        0,
        1,
        0,
        0,
        0,
        0,
        0,
        0,
        0,
        0,
        0,
        0,
        0,
        0,
        77,
        0,
        0,
        0,
        0,
        0,
        0,
        0,
        0
      ],
      [
        0,
        0,
        0,
        0,
        0,
        0,
        0,
        0,
        0,
        0,
        0,
        0,
        0,
        0,
        0,
        152,
        0,
        0,
        0,
        0,
