{
  "experiment_id": "16_triple_weighted_finetune_focal_official",
  "fold": 1,
  "device": "cuda",
  "best_val_macro_f1": 0.5653916106793622,
  "test": {
    "accuracy": 0.8666352497643732,
    "macro_precision": 0.575206099108887,
    "macro_recall": 0.6137939074380854,
    "macro_f1": 0.5847157179073836,
    "per_class": {
      "0": {
        "precision": 0.21052631578947367,
        "recall": 0.5,
        "f1": 0.2962962962962963,
        "support": 8
      },
      "1": {
        "precision": 0.9402985074626866,
        "recall": 0.9767441860465116,
        "f1": 0.9581749049429658,
        "support": 129
      },
      "2": {
        "precision": 1.0,
        "recall": 0.8602620087336245,
        "f1": 0.9248826291079812,
        "support": 229
      },
      "3": {
        "precision": 0.9076923076923077,
        "recall": 0.885,
        "f1": 0.8962025316455696,
        "support": 200
      },
      "4": {
        "precision": 0.8979591836734694,
        "recall": 0.8934010152284264,
        "f1": 0.8956743002544529,
        "support": 197
      },
      "5": {
        "precision": 0.0,
        "recall": 0.0,
        "f1": 0.0,
        "support": 1
      },
      "6": {
        "precision": 0.0,
        "recall": 0.0,
        "f1": 0.0,
        "support": 1
      },
      "7": {
        "precision": 0.5098039215686274,
        "recall": 1.0,
        "f1": 0.6753246753246753,
        "support": 26
      },
      "8": {
        "precision": 0.97,
        "recall": 0.9651741293532339,
        "f1": 0.9675810473815462,
        "support": 201
      },
      "9": {
        "precision": 0.9704433497536946,
        "recall": 0.9899497487437185,
        "f1": 0.9800995024875622,
        "support": 199
      },
      "10": {
        "precision": 0.8197674418604651,
        "recall": 0.7580645161290323,
        "f1": 0.7877094972067039,
        "support": 186
      },
      "11": {
        "precision": 0.42857142857142855,
        "recall": 0.45,
        "f1": 0.43902439024390244,
        "support": 80
      },
      "12": {
        "precision": 0.7241379310344828,
        "recall": 0.8076923076923077,
        "f1": 0.7636363636363637,
        "support": 52
      },
      "13": {
        "precision": 0.9842105263157894,
        "recall": 0.9121951219512195,
        "f1": 0.9468354430379747,
        "support": 205
      },
      "14": {
        "precision": 0.9487179487179487,
        "recall": 0.9487179487179487,
        "f1": 0.9487179487179487,
        "support": 78
      },
      "15": {
        "precision": 0.9933774834437086,
        "recall": 0.9868421052631579,
        "f1": 0.9900990099009901,
        "support": 152
      },
      "16": {
        "precision": 0.0,
        "recall": 0.0,
        "f1": 0.0,
        "support": 10
      },
      "17": {
        "precision": 0.0,
        "recall": 0.0,
        "f1": 0.0,
        "support": 7
      },
      "18": {
        "precision": 0.37349397590361444,
        "recall": 0.775,
        "f1": 0.5040650406504065,
        "support": 40
      },
      "19": {
        "precision": 0.0,
        "recall": 0.0,
        "f1": 0.0,
        "support": 2
      },
      "20": {
        "precision": 0.7325581395348837,
        "recall": 0.7159090909090909,
        "f1": 0.7241379310344828,
        "support": 88
      },
      "21": {
        "precision": 0.0,
        "recall": 0.0,
        "f1": 0.0,
        "support": 5
      },
      "22": {
        "precision": 0.8181818181818182,
        "recall": 0.6923076923076923,
        "f1": 0.75,
        "support": 26
      }
    },
    "zero_support_classes": [],
    "confusion_matrix": [
      [
        4,
        0,
        0,
        0,
        0,
        0,
        0,
        0,
        0,
        0,
        2,
        1,
        1,
        0,
        0,
        0,
        0,
        0,
        0,
        0,
        0,
        0,
        0
      ],
      [
        0,
        126,
        0,
        0,
        0,
        0,
        0,
        0,
        0,
        0,
        0,
        0,
        0,
        0,
        0,
        0,
        0,
        0,
        1,
        0,
        1,
        0,
        1
      ],
      [
        0,
        7,
        197,
        0,
        0,
        0,
        0,
        25,
        0,
        0,
        0,
        0,
        0,
        0,
        0,
        0,
        0,
        0,
        0,
        0,
        0,
        0,
        0
      ],
      [
        0,
        0,
        0,
        177,
        20,
        0,
        0,
        0,
        0,
        0,
        0,
        0,
        0,
        1,
        0,
        0,
        0,
        0,
        2,
        0,
        0,
        0,
        0
      ],
      [
        0,
        1,
        0,
        18,
        176,
        0,
        0,
        0,
        1,
        0,
        0,
        0,
        0,
        1,
        0,
        0,
        0,
        0,
        0,
        0,
        0,
        0,
        0
      ],
      [
        0,
        0,
        0,
        0,
        0,
        0,
        0,
        0,
        0,
        0,
        0,
        0,
        0,
        0,
        1,
        0,
        0,
        0,
        0,
        0,
        0,
        0,
        0
      ],
      [
        0,
        0,
        0,
        0,
        0,
        0,
        0,
        0,
        0,
        0,
        0,
        0,
        0,
        0,
        0,
        0,
        0,
        0,
        0,
        0,
        1,
        0,
        0
      ],
      [
        0,
        0,
        0,
        0,
        0,
        0,
        0,
        26,
        0,
        0,
        0,
        0,
        0,
        0,
        0,
        0,
        0,
        0,
        0,
        0,
        0,
        0,
        0
      ],
      [
        0,
        0,
        0,
        0,
        0,
        0,
        0,
        0,
        194,
        0,
        0,
        0,
        0,
        1,
        0,
        0,
        0,
        0,
        6,
        0,
        0,
        0,
        0
      ],
      [
        0,
        0,
        0,
        0,
        0,
        0,
        0,
        0,
        1,
        197,
        0,
        1,
        0,
        0,
        0,
        0,
        0,
        0,
        0,
        0,
        0,
        0,
        0
      ],
      [
        3,
        0,
        0,
        0,
        0,
        0,
        0,
        0,
        0,
        1,
        141,
        37,
        1,
        0,
        0,
        0,
        3,
        0,
        0,
        0,
        0,
        0,
        0
      ],
      [
        5,
        0,
        0,
        0,
        0,
        0,
        0,
        0,
        0,
        0,
        27,
        36,
        12,
        0,
        0,
        0,
        0,
        0,
        0,
        0,
        0,
        0,
        0
      ],
      [
        2,
        0,
        0,
        0,
        0,
        0,
        0,
        0,
        0,
        0,
        1,
        7,
        42,
        0,
        0,
        0,
        0,
        0,
        0,
        0,
        0,
        0,
        0
      ],
      [
        0,
        0,
        0,
        0,
        0,
        0,
        0,
        0,
        2,
        3,
        0,
        0,
        0,
        187,
        2,
        1,
        0,
        0,
        7,
        0,
        3,
        0,
        0
      ],
      [
        0,
        0,
        0,
        0,
        0,
        0,
        0,
        0,
        0,
        0,
        0,
        0,
        0,
        0,
        74,
        0,
        0,
        0,
        1,
        0,
        3,
        0,
        0
      ],
      [
        0,
        0,
        0,
        0,
        0,
        0,
        0,
        0,
        0,
        1,
        0,
        0,
        0,
        0,
        1,
        150,
        0,
        0,
        0,
        0,
        0,
        0,
        0
      ],
      [
        5,
