{
  "experiment_id": "11_triple_weighted_finetune_wide_official",
  "fold": 0,
  "device": "cuda",
  "best_val_macro_f1": 0.604099931112697,
  "test": {
    "accuracy": 0.8685202639019792,
    "macro_precision": 0.5737396732596458,
    "macro_recall": 0.5976166655729132,
    "macro_f1": 0.5751019319714107,
    "per_class": {
      "0": {
        "precision": 0.1,
        "recall": 0.125,
        "f1": 0.1111111111111111,
        "support": 8
      },
      "1": {
        "precision": 0.9761904761904762,
        "recall": 0.9534883720930233,
        "f1": 0.9647058823529412,
        "support": 129
      },
      "2": {
        "precision": 0.9863013698630136,
        "recall": 0.9432314410480349,
        "f1": 0.9642857142857143,
        "support": 229
      },
      "3": {
        "precision": 0.9351351351351351,
        "recall": 0.865,
        "f1": 0.8987012987012987,
        "support": 200
      },
      "4": {
        "precision": 0.8823529411764706,
        "recall": 0.9137055837563451,
        "f1": 0.8977556109725686,
        "support": 197
      },
      "5": {
        "precision": 0.0,
        "recall": 0.0,
        "f1": 0.0,
        "support": 1
      },
      "6": {
        "precision": 0.0,
        "recall": 0.0,
        "f1": 0.0,
        "support": 1
      },
      "7": {
        "precision": 0.6666666666666666,
        "recall": 1.0,
        "f1": 0.8,
        "support": 26
      },
      "8": {
        "precision": 0.9124423963133641,
        "recall": 0.9850746268656716,
        "f1": 0.9473684210526315,
        "support": 201
      },
      "9": {
        "precision": 0.9705882352941176,
        "recall": 0.9949748743718593,
        "f1": 0.9826302729528535,
        "support": 199
      },
      "10": {
        "precision": 0.7668161434977578,
        "recall": 0.9193548387096774,
        "f1": 0.8361858190709046,
        "support": 186
      },
      "11": {
        "precision": 0.6129032258064516,
        "recall": 0.2375,
        "f1": 0.34234234234234234,
        "support": 80
      },
      "12": {
        "precision": 0.5774647887323944,
        "recall": 0.7884615384615384,
        "f1": 0.6666666666666666,
        "support": 52
      },
      "13": {
        "precision": 0.9896907216494846,
        "recall": 0.9365853658536586,
        "f1": 0.9624060150375939,
        "support": 205
      },
      "14": {
        "precision": 0.9512195121951219,
        "recall": 1.0,
        "f1": 0.975,
        "support": 78
      },
      "15": {
        "precision": 1.0,
        "recall": 0.993421052631579,
        "f1": 0.9966996699669967,
        "support": 152
      },
      "16": {
        "precision": 0.0,
        "recall": 0.0,
        "f1": 0.0,
        "support": 10
      },
      "17": {
        "precision": 0.25,
        "recall": 0.2857142857142857,
        "f1": 0.26666666666666666,
        "support": 7
      },
      "18": {
        "precision": 0.3684210526315789,
        "recall": 0.525,
        "f1": 0.4329896907216495,
        "support": 40
      },
      "19": {
        "precision": 0.0,
        "recall": 0.0,
        "f1": 0.0,
        "support": 2
      },
      "20": {
        "precision": 0.68,
        "recall": 0.38636363636363635,
        "f1": 0.4927536231884058,
        "support": 88
      },
      "21": {
        "precision": 0.08333333333333333,
        "recall": 0.2,
        "f1": 0.11764705882352941,
        "support": 5
      },
      "22": {
        "precision": 0.4864864864864865,
        "recall": 0.6923076923076923,
        "f1": 0.5714285714285714,
        "support": 26
      }
    },
    "zero_support_classes": [],
    "confusion_matrix": [
      [
        1,
        0,
        0,
        0,
        0,
        0,
        0,
        0,
        0,
        0,
        4,
        0,
        3,
        0,
        0,
        0,
        0,
        0,
        0,
        0,
        0,
        0,
        0
      ],
      [
        0,
        123,
        0,
        0,
        0,
        0,
        0,
        1,
        0,
        0,
        0,
        0,
        0,
        0,
        0,
        0,
        0,
        0,
        0,
        0,
        2,
        1,
        2
      ],
      [
        0,
        1,
        216,
        0,
        0,
        0,
        0,
        12,
        0,
        0,
        0,
        0,
        0,
        0,
        0,
        0,
        0,
        0,
        0,
        0,
        0,
        0,
        0
      ],
      [
        0,
        0,
        0,
        173,
        24,
        0,
        0,
        0,
        2,
        0,
        0,
        0,
        0,
        0,
        1,
        0,
        0,
        0,
        0,
        0,
        0,
        0,
        0
      ],
      [
        0,
        1,
        0,
        12,
        180,
        0,
        0,
        0,
        4,
        0,
        0,
        0,
        0,
        0,
        0,
        0,
        0,
        0,
        0,
        0,
        0,
        0,
        0
      ],
      [
        0,
        0,
        0,
        0,
        0,
        0,
        0,
        0,
        0,
        0,
        0,
        0,
        0,
        0,
        1,
        0,
        0,
        0,
        0,
        0,
        0,
        0,
        0
      ],
      [
        0,
        0,
        0,
        0,
        0,
        0,
        0,
        0,
        1,
        0,
        0,
        0,
        0,
        0,
        0,
        0,
        0,
        0,
        0,
        0,
        0,
        0,
        0
      ],
      [
        0,
        0,
        0,
        0,
        0,
        0,
        0,
        26,
        0,
        0,
        0,
        0,
        0,
        0,
        0,
        0,
        0,
        0,
        0,
        0,
        0,
        0,
        0
      ],
      [
        0,
        0,
        0,
        0,
        0,
        0,
        0,
        0,
        198,
        0,
        0,
        0,
        0,
        1,
        0,
        0,
        0,
        0,
        1,
        0,
        1,
        0,
        0
      ],
      [
        0,
        0,
        0,
        0,
        0,
        0,
        0,
        0,
        0,
        198,
        0,
        0,
        0,
        0,
        0,
        0,
        0,
        0,
        0,
        0,
        0,
        1,
        0
      ],
      [
        5,
        0,
        0,
        0,
        0,
        0,
        0,
        0,
        0,
        0,
        171,
        6,
        3,
        0,
        0,
        0,
        1,
        0,
        0,
        0,
        0,
        0,
        0
      ],
      [
        3,
        0,
        0,
        0,
        0,
        0,
        0,
        0,
        0,
        0,
        40,
        19,
        18,
        0,
        0,
        0,
        0,
        0,
        0,
        0,
        0,
        0,
        0
      ],
      [
        0,
        0,
        0,
        0,
        0,
        0,
        0,
        0,
        0,
        1,
        4,
        6,
        41,
        0,
        0,
        0,
        0,
        0,
        0,
        0,
        0,
        0,
        0
      ],
      [
        0,
        0,
        0,
        0,
        0,
        0,
        0,
        0,
        6,
        4,
        0,
        0,
        0,
        192,
        1,
        0,
        0,
        0,
        2,
        0,
        0,
        0,
        0
      ],
      [
        0,
        0,
        0,
        0,
        0,
        0,
        0,
        0,
        0,
        0,
        0,
        0,
        0,
        0,
        78,
        0,
        0,
        0,
        0,
        0,
        0,
        0,
        0
      ],
      [
        0,
        0,
        0,
        0,
        0,
        0,
        0,
        0,
        0,
        1,
        0,
        0,
        0,
        0,
        0,
        151,
        0,
        0,
        0,
        0,
        0,
        0,
        0
      ],
      [
