{
  "experiment_id": "13_single_efficientnetb0_finetune_wide_official",
  "fold": 4,
  "device": "cuda",
  "best_val_macro_f1": 0.5789383014747207,
  "test": {
    "accuracy": 0.859705611775529,
    "macro_precision": 0.5757801588173469,
    "macro_recall": 0.5822550746727568,
    "macro_f1": 0.5729581771357942,
    "per_class": {
      "0": {
        "precision": 0.05555555555555555,
        "recall": 0.1111111111111111,
        "f1": 0.07407407407407407,
        "support": 9
      },
      "1": {
        "precision": 0.9769230769230769,
        "recall": 0.9769230769230769,
        "f1": 0.9769230769230769,
        "support": 130
      },
      "2": {
        "precision": 0.9911504424778761,
        "recall": 0.9655172413793104,
        "f1": 0.9781659388646288,
        "support": 232
      },
      "3": {
        "precision": 0.8283261802575107,
        "recall": 0.9554455445544554,
        "f1": 0.8873563218390804,
        "support": 202
      },
      "4": {
        "precision": 0.9529411764705882,
        "recall": 0.8059701492537313,
        "f1": 0.8733153638814016,
        "support": 201
      },
      "5": {
        "precision": 0.0,
        "recall": 0.0,
        "f1": 0.0,
        "support": 2
      },
      "6": {
        "precision": 0.0,
        "recall": 0.0,
        "f1": 0.0,
        "support": 5
      },
      "7": {
        "precision": 0.7941176470588235,
        "recall": 1.0,
        "f1": 0.8852459016393442,
        "support": 27
      },
      "8": {
        "precision": 0.9704433497536946,
        "recall": 0.9609756097560975,
        "f1": 0.9656862745098039,
        "support": 205
      },
      "9": {
        "precision": 0.9441860465116279,
        "recall": 1.0,
        "f1": 0.9712918660287081,
        "support": 203
      },
      "10": {
        "precision": 0.841726618705036,
        "recall": 0.6223404255319149,
        "f1": 0.7155963302752294,
        "support": 188
      },
      "11": {
        "precision": 0.41346153846153844,
        "recall": 0.5180722891566265,
        "f1": 0.45989304812834225,
        "support": 83
      },
      "12": {
        "precision": 0.6190476190476191,
        "recall": 0.75,
        "f1": 0.6782608695652174,
        "support": 52
      },
      "13": {
        "precision": 0.98,
        "recall": 0.9423076923076923,
        "f1": 0.9607843137254902,
        "support": 208
      },
      "14": {
        "precision": 0.8837209302325582,
        "recall": 0.9620253164556962,
        "f1": 0.9212121212121213,
        "support": 79
      },
      "15": {
        "precision": 0.987012987012987,
        "recall": 0.9743589743589743,
        "f1": 0.9806451612903225,
        "support": 156
      },
      "16": {
        "precision": 0.07692307692307693,
        "recall": 0.07692307692307693,
        "f1": 0.07692307692307693,
        "support": 13
      },
      "17": {
        "precision": 0.0,
        "recall": 0.0,
        "f1": 0.0,
        "support": 7
      },
      "18": {
        "precision": 0.52,
        "recall": 0.3170731707317073,
        "f1": 0.3939393939393939,
        "support": 41
      },
      "19": {
        "precision": 0.0,
        "recall": 0.0,
        "f1": 0.0,
        "support": 3
      },
      "20": {
        "precision": 0.6074074074074074,
        "recall": 0.9010989010989011,
        "f1": 0.7256637168141593,
        "support": 91
      },
      "21": {
        "precision": 0.0,
        "recall": 0.0,
        "f1": 0.0,
        "support": 8
      },
      "22": {
        "precision": 0.8,
        "recall": 0.5517241379310345,
        "f1": 0.6530612244897959,
        "support": 29
      }
    },
    "zero_support_classes": [],
    "confusion_matrix": [
      [
        1,
        0,
        0,
        0,
        0,
        0,
        0,
        0,
        0,
        0,
        2,
        1,
        3,
        0,
        0,
        0,
        2,
        0,
        0,
        0,
        0,
        0,
        0
      ],
      [
        0,
        127,
        1,
        0,
        0,
        0,
        0,
        0,
        0,
        0,
        0,
        0,
        0,
        0,
        0,
        0,
        0,
        0,
        0,
        0,
        2,
        0,
        0
      ],
      [
        0,
        1,
        224,
        0,
        0,
        0,
        0,
        7,
        0,
        0,
        0,
        0,
        0,
        0,
        0,
        0,
        0,
        0,
        0,
        0,
        0,
        0,
        0
      ],
      [
        0,
        0,
        0,
        193,
        8,
        0,
        0,
        0,
        1,
        0,
        0,
        0,
        0,
        0,
        0,
        0,
        0,
        0,
        0,
        0,
        0,
        0,
        0
      ],
      [
        0,
        0,
        0,
        39,
        162,
        0,
        0,
        0,
        0,
        0,
        0,
        0,
        0,
        0,
        0,
        0,
        0,
        0,
        0,
        0,
        0,
        0,
        0
      ],
      [
        0,
        0,
        0,
        0,
        0,
        0,
        0,
        0,
        0,
        0,
        0,
        0,
        0,
        0,
        2,
        0,
        0,
        0,
        0,
        0,
        0,
        0,
        0
      ],
      [
        0,
        0,
        0,
        0,
        0,
        0,
        0,
        0,
        1,
        0,
        0,
        0,
        0,
        0,
        0,
        0,
        0,
        0,
        0,
        0,
        4,
        0,
        0
      ],
      [
        0,
        0,
        0,
        0,
        0,
        0,
        0,
        27,
        0,
        0,
        0,
        0,
        0,
        0,
        0,
        0,
        0,
        0,
        0,
        0,
        0,
        0,
        0
      ],
      [
        0,
        0,
        0,
        1,
        0,
        0,
        0,
        0,
        197,
        0,
        0,
        0,
        0,
        2,
        0,
        0,
        0,
        0,
        2,
        0,
        3,
        0,
        0
      ],
      [
        0,
        0,
        0,
        0,
        0,
        0,
        0,
        0,
        0,
        203,
        0,
        0,
        0,
        0,
        0,
        0,
        0,
        0,
        0,
        0,
        0,
        0,
        0
      ],
      [
        8,
        0,
        0,
        0,
        0,
        0,
        0,
        0,
        0,
        5,
        117,
        48,
        3,
        0,
        0,
        0,
        6,
        0,
        0,
        1,
        0,
        0,
        0
      ],
      [
        4,
        0,
        0,
        0,
        0,
        0,
        0,
        0,
        0,
        2,
        17,
        43,
        14,
        0,
        0,
        0,
        3,
        0,
        0,
        0,
        0,
        0,
        0
      ],
      [
        2,
        0,
        0,
        0,
        0,
        0,
        0,
        0,
        0,
        0,
        2,
        8,
        39,
        0,
        0,
        0,
        1,
        0,
        0,
        0,
        0,
        0,
        0
      ],
      [
        0,
        0,
        1,
        0,
        0,
        0,
        0,
        0,
        1,
        4,
        0,
        0,
        0,
        196,
        1,
        0,
        0,
        0,
        3,
        0,
        2,
        0,
        0
      ],
      [
        0,
        0,
        0,
        0,
        0,
        0,
        0,
        0,
        0,
        0,
        0,
        0,
        0,
        0,
        76,
        2,
        0,
        0,
        0,
        0,
        1,
        0,
        0
      ],
      [
        0,
        0,
        0,
        0,
        0,
        0,
        0,
        0,
        0,
        1,
        0,
        0,
        0,
        0,
        3,
        152,
        0,
        0,
        0,
