{
  "experiment_id": "11_triple_weighted_finetune_wide_official",
  "fold": 1,
  "device": "cuda",
  "best_val_macro_f1": 0.5778189256830152,
  "test": {
    "accuracy": 0.8609802073515551,
    "macro_precision": 0.5706435653133497,
    "macro_recall": 0.6014150856895338,
    "macro_f1": 0.5720016852904436,
    "per_class": {
      "0": {
        "precision": 0.0,
        "recall": 0.0,
        "f1": 0.0,
        "support": 8
      },
      "1": {
        "precision": 0.984375,
        "recall": 0.9767441860465116,
        "f1": 0.980544747081712,
        "support": 129
      },
      "2": {
        "precision": 1.0,
        "recall": 0.8995633187772926,
        "f1": 0.9471264367816092,
        "support": 229
      },
      "3": {
        "precision": 0.8391304347826087,
        "recall": 0.965,
        "f1": 0.8976744186046511,
        "support": 200
      },
      "4": {
        "precision": 0.963855421686747,
        "recall": 0.8121827411167513,
        "f1": 0.8815426997245179,
        "support": 197
      },
      "5": {
        "precision": 0.0,
        "recall": 0.0,
        "f1": 0.0,
        "support": 1
      },
      "6": {
        "precision": 0.0,
        "recall": 0.0,
        "f1": 0.0,
        "support": 1
      },
      "7": {
        "precision": 0.5306122448979592,
        "recall": 1.0,
        "f1": 0.6933333333333334,
        "support": 26
      },
      "8": {
        "precision": 0.943127962085308,
        "recall": 0.9900497512437811,
        "f1": 0.9660194174757282,
        "support": 201
      },
      "9": {
        "precision": 0.9601990049751243,
        "recall": 0.9698492462311558,
        "f1": 0.965,
        "support": 199
      },
      "10": {
        "precision": 0.8125,
        "recall": 0.8387096774193549,
        "f1": 0.8253968253968254,
        "support": 186
      },
      "11": {
        "precision": 0.5205479452054794,
        "recall": 0.475,
        "f1": 0.49673202614379086,
        "support": 80
      },
      "12": {
        "precision": 0.8085106382978723,
        "recall": 0.7307692307692307,
        "f1": 0.7676767676767676,
        "support": 52
      },
      "13": {
        "precision": 0.9744897959183674,
        "recall": 0.9317073170731708,
        "f1": 0.9526184538653366,
        "support": 205
      },
      "14": {
        "precision": 0.9176470588235294,
        "recall": 1.0,
        "f1": 0.9570552147239264,
        "support": 78
      },
      "15": {
        "precision": 0.9869281045751634,
        "recall": 0.993421052631579,
        "f1": 0.9901639344262295,
        "support": 152
      },
      "16": {
        "precision": 0.05263157894736842,
        "recall": 0.1,
        "f1": 0.06896551724137931,
        "support": 10
      },
      "17": {
        "precision": 0.17647058823529413,
        "recall": 0.42857142857142855,
        "f1": 0.25,
        "support": 7
      },
      "18": {
        "precision": 0.45454545454545453,
        "recall": 0.25,
        "f1": 0.3225806451612903,
        "support": 40
      },
      "19": {
        "precision": 0.0,
        "recall": 0.0,
        "f1": 0.0,
        "support": 2
      },
      "20": {
        "precision": 0.68,
        "recall": 0.38636363636363635,
        "f1": 0.4927536231884058,
        "support": 88
      },
      "21": {
        "precision": 0.07692307692307693,
        "recall": 0.2,
        "f1": 0.1111111111111111,
        "support": 5
      },
      "22": {
        "precision": 0.4423076923076923,
        "recall": 0.8846153846153846,
        "f1": 0.5897435897435898,
        "support": 26
      }
    },
    "zero_support_classes": [],
    "confusion_matrix": [
      [
        0,
        0,
        0,
        0,
        0,
        0,
        0,
        0,
        0,
        0,
        1,
        4,
        2,
        0,
        0,
        0,
        1,
        0,
        0,
        0,
        0,
        0,
        0
      ],
      [
        0,
        126,
        0,
        0,
        0,
        0,
        0,
        0,
        0,
        0,
        0,
        0,
        0,
        0,
        0,
        0,
        0,
        0,
        1,
        0,
        1,
        0,
        1
      ],
      [
        0,
        0,
        206,
        0,
        0,
        0,
        0,
        23,
        0,
        0,
        0,
        0,
        0,
        0,
        0,
        0,
        0,
        0,
        0,
        0,
        0,
        0,
        0
      ],
      [
        0,
        0,
        0,
        193,
        6,
        0,
        0,
        0,
        0,
        0,
        0,
        0,
        0,
        0,
        0,
        0,
        0,
        0,
        0,
        0,
        0,
        0,
        1
      ],
      [
        0,
        0,
        0,
        36,
        160,
        0,
        0,
        0,
        1,
        0,
        0,
        0,
        0,
        0,
        0,
        0,
        0,
        0,
        0,
        0,
        0,
        0,
        0
      ],
      [
        0,
        0,
        0,
        0,
        0,
        0,
        0,
        0,
        0,
        0,
        0,
        0,
        0,
        0,
        1,
        0,
        0,
        0,
        0,
        0,
        0,
        0,
        0
      ],
      [
        0,
        0,
        0,
        0,
        0,
        0,
        0,
        0,
        0,
        0,
        0,
        0,
        0,
        0,
        0,
        0,
        0,
        0,
        0,
        0,
        0,
        1,
        0
      ],
      [
        0,
        0,
        0,
        0,
        0,
        0,
        0,
        26,
        0,
        0,
        0,
        0,
        0,
        0,
        0,
        0,
        0,
        0,
        0,
        0,
        0,
        0,
        0
      ],
      [
        0,
        1,
        0,
        0,
        0,
        0,
        0,
        0,
        199,
        0,
        0,
        0,
        0,
        0,
        0,
        0,
        0,
        0,
        0,
        0,
        1,
        0,
        0
      ],
      [
        1,
        0,
        0,
        0,
        0,
        0,
        0,
        0,
        0,
        193,
        4,
        0,
        0,
        0,
        0,
        1,
        0,
        0,
        0,
        0,
        0,
        0,
        0
      ],
      [
        1,
        0,
        0,
        0,
        0,
        0,
        0,
        0,
        0,
        1,
        156,
        21,
        0,
        0,
        0,
        0,
        7,
        0,
        0,
        0,
        0,
        0,
        0
      ],
      [
        4,
        0,
        0,
        0,
        0,
        0,
        0,
        0,
        0,
        0,
        27,
        38,
        5,
        0,
        0,
        0,
        6,
        0,
        0,
        0,
        0,
        0,
        0
      ],
      [
        2,
        0,
        0,
        0,
        0,
        0,
        0,
        0,
        0,
        0,
        3,
        7,
        38,
        0,
        0,
        0,
        2,
        0,
        0,
        0,
        0,
        0,
        0
      ],
      [
        0,
        0,
        0,
        1,
        0,
        0,
        0,
        0,
        2,
        2,
        0,
        0,
        0,
        191,
        3,
        1,
        1,
        1,
        1,
        0,
        1,
        0,
        1
      ],
      [
        0,
        0,
        0,
        0,
        0,
        0,
        0,
        0,
        0,
        0,
        0,
        0,
        0,
        0,
        78,
        0,
        0,
        0,
        0,
        0,
        0,
        0,
        0
      ],
      [
        0,
        0,
        0,
        0,
        0,
        0,
        0,
        0,
        0,
        0,
        0,
        0,
        0,
        0,
        1,
        151,
        0,
        0,
        0,
        0,
        0,
        0,
        0
      ],
