{
  "experiment_id": "11_triple_weighted_finetune_wide_official",
  "fold": 2,
  "device": "cuda",
  "best_val_macro_f1": 0.5792056982144494,
  "test": {
    "accuracy": 0.8746465598491989,
    "macro_precision": 0.5923156404402813,
    "macro_recall": 0.588508766938816,
    "macro_f1": 0.5749189346438496,
    "per_class": {
      "0": {
        "precision": 0.14285714285714285,
        "recall": 0.25,
        "f1": 0.18181818181818182,
        "support": 8
      },
      "1": {
        "precision": 0.946969696969697,
        "recall": 0.9689922480620154,
        "f1": 0.9578544061302682,
        "support": 129
      },
      "2": {
        "precision": 1.0,
        "recall": 0.9344978165938864,
        "f1": 0.9661399548532731,
        "support": 229
      },
      "3": {
        "precision": 0.9029126213592233,
        "recall": 0.93,
        "f1": 0.916256157635468,
        "support": 200
      },
      "4": {
        "precision": 0.927461139896373,
        "recall": 0.9086294416243654,
        "f1": 0.9179487179487179,
        "support": 197
      },
      "5": {
        "precision": 0.0,
        "recall": 0.0,
        "f1": 0.0,
        "support": 1
      },
      "6": {
        "precision": 0.0,
        "recall": 0.0,
        "f1": 0.0,
        "support": 1
      },
      "7": {
        "precision": 0.7027027027027027,
        "recall": 1.0,
        "f1": 0.8253968253968254,
        "support": 26
      },
      "8": {
        "precision": 0.9509803921568627,
        "recall": 0.9651741293532339,
        "f1": 0.9580246913580247,
        "support": 201
      },
      "9": {
        "precision": 0.9900497512437811,
        "recall": 1.0,
        "f1": 0.995,
        "support": 199
      },
      "10": {
        "precision": 0.8130841121495327,
        "recall": 0.9354838709677419,
        "f1": 0.87,
        "support": 186
      },
      "11": {
        "precision": 0.6190476190476191,
        "recall": 0.1625,
        "f1": 0.25742574257425743,
        "support": 80
      },
      "12": {
        "precision": 0.581081081081081,
        "recall": 0.8269230769230769,
        "f1": 0.6825396825396826,
        "support": 52
      },
      "13": {
        "precision": 0.9891891891891892,
        "recall": 0.8926829268292683,
        "f1": 0.9384615384615385,
        "support": 205
      },
      "14": {
        "precision": 0.8333333333333334,
        "recall": 0.9615384615384616,
        "f1": 0.8928571428571429,
        "support": 78
      },
      "15": {
        "precision": 0.9933774834437086,
        "recall": 0.9868421052631579,
        "f1": 0.9900990099009901,
        "support": 152
      },
      "16": {
        "precision": 0.0,
        "recall": 0.0,
        "f1": 0.0,
        "support": 10
      },
      "17": {
        "precision": 0.5,
        "recall": 0.14285714285714285,
        "f1": 0.2222222222222222,
        "support": 7
      },
      "18": {
        "precision": 0.5,
        "recall": 0.25,
        "f1": 0.3333333333333333,
        "support": 40
      },
      "19": {
        "precision": 0.0,
        "recall": 0.0,
        "f1": 0.0,
        "support": 2
      },
      "20": {
        "precision": 0.6095238095238096,
        "recall": 0.7272727272727273,
        "f1": 0.6632124352331606,
        "support": 88
      },
      "21": {
        "precision": 0.0,
        "recall": 0.0,
        "f1": 0.0,
        "support": 5
      },
      "22": {
        "precision": 0.6206896551724138,
        "recall": 0.6923076923076923,
        "f1": 0.6545454545454545,
        "support": 26
      }
    },
    "zero_support_classes": [],
    "confusion_matrix": [
      [
        2,
        0,
        0,
        0,
        0,
        0,
        0,
        0,
        0,
        0,
        2,
        0,
        2,
        0,
        0,
        0,
        2,
        0,
        0,
        0,
        0,
        0,
        0
      ],
      [
        0,
        125,
        0,
        0,
        0,
        0,
        0,
        0,
        1,
        0,
        0,
        0,
        0,
        0,
        0,
        0,
        0,
        0,
        1,
        0,
        0,
        1,
        1
      ],
      [
        0,
        3,
        214,
        0,
        0,
        0,
        0,
        11,
        0,
        0,
        0,
        0,
        0,
        0,
        0,
        0,
        0,
        0,
        0,
        0,
        1,
        0,
        0
      ],
      [
        0,
        0,
        0,
        186,
        14,
        0,
        0,
        0,
        0,
        0,
        0,
        0,
        0,
        0,
        0,
        0,
        0,
        0,
        0,
        0,
        0,
        0,
        0
      ],
      [
        0,
        0,
        0,
        18,
        179,
        0,
        0,
        0,
        0,
        0,
        0,
        0,
        0,
        0,
        0,
        0,
        0,
        0,
        0,
        0,
        0,
        0,
        0
      ],
      [
        0,
        0,
        0,
        0,
        0,
        0,
        0,
        0,
        0,
        0,
        0,
        0,
        0,
        0,
        1,
        0,
        0,
        0,
        0,
        0,
        0,
        0,
        0
      ],
      [
        0,
        0,
        0,
        0,
        0,
        0,
        0,
        0,
        0,
        0,
        0,
        0,
        0,
        0,
        0,
        0,
        0,
        0,
        0,
        0,
        1,
        0,
        0
      ],
      [
        0,
        0,
        0,
        0,
        0,
        0,
        0,
        26,
        0,
        0,
        0,
        0,
        0,
        0,
        0,
        0,
        0,
        0,
        0,
        0,
        0,
        0,
        0
      ],
      [
        0,
        1,
        0,
        0,
        0,
        0,
        0,
        0,
        194,
        0,
        0,
        0,
        0,
        0,
        0,
        0,
        0,
        0,
        3,
        0,
        3,
        0,
        0
      ],
      [
        0,
        0,
        0,
        0,
        0,
        0,
        0,
        0,
        0,
        199,
        0,
        0,
        0,
        0,
        0,
        0,
        0,
        0,
        0,
        0,
        0,
        0,
        0
      ],
      [
        6,
        0,
        0,
        0,
        0,
        0,
        0,
        0,
        0,
        0,
        174,
        1,
        3,
        0,
        0,
        0,
        2,
        0,
        0,
        0,
        0,
        0,
        0
      ],
      [
        3,
        0,
        0,
        0,
        0,
        0,
        0,
        0,
        0,
        0,
        30,
        13,
        26,
        0,
        0,
        0,
        8,
        0,
        0,
        0,
        0,
        0,
        0
      ],
      [
        2,
        0,
        0,
        0,
        0,
        0,
        0,
        0,
        0,
        0,
        3,
        3,
        43,
        0,
        0,
        0,
        1,
        0,
        0,
        0,
        0,
        0,
        0
      ],
      [
        0,
        1,
        0,
        2,
        0,
        0,
        0,
        0,
        3,
        2,
        0,
        0,
        0,
        183,
        9,
        1,
        0,
        1,
        0,
        0,
        3,
        0,
        0
      ],
      [
        0,
        1,
        0,
        0,
        0,
        1,
        0,
        0,
        0,
        0,
        0,
        0,
        0,
        0,
        75,
        0,
        0,
        0,
        0,
        0,
        1,
        0,
        0
      ],
      [
        0,
        0,
        0,
        0,
        0,
        0,
        0,
        0,
        0,
        0,
        0,
        0,
        0,
        0,
        2,
        150,
        0,
        0,
        0,
        0,
        0,
        0,
        0
      ],
      [
        1,
        0,
