{
  "experiment_id": "12_single_resnet50_finetune_wide_official",
  "fold": 0,
  "device": "cuda",
  "best_val_macro_f1": 0.6361724562892942,
  "test": {
    "accuracy": 0.8501413760603205,
    "macro_precision": 0.5690219930692308,
    "macro_recall": 0.5995350737407553,
    "macro_f1": 0.5748260887032203,
    "per_class": {
      "0": {
        "precision": 0.0,
        "recall": 0.0,
        "f1": 0.0,
        "support": 8
      },
      "1": {
        "precision": 0.9393939393939394,
        "recall": 0.9612403100775194,
        "f1": 0.9501915708812261,
        "support": 129
      },
      "2": {
        "precision": 0.972972972972973,
        "recall": 0.9432314410480349,
        "f1": 0.9578713968957872,
        "support": 229
      },
      "3": {
        "precision": 0.8190045248868778,
        "recall": 0.905,
        "f1": 0.8598574821852731,
        "support": 200
      },
      "4": {
        "precision": 0.9551282051282052,
        "recall": 0.7563451776649747,
        "f1": 0.8441926345609065,
        "support": 197
      },
      "5": {
        "precision": 0.0,
        "recall": 0.0,
        "f1": 0.0,
        "support": 1
      },
      "6": {
        "precision": 0.0,
        "recall": 0.0,
        "f1": 0.0,
        "support": 1
      },
      "7": {
        "precision": 0.6666666666666666,
        "recall": 1.0,
        "f1": 0.8,
        "support": 26
      },
      "8": {
        "precision": 0.9245283018867925,
        "recall": 0.9751243781094527,
        "f1": 0.9491525423728814,
        "support": 201
      },
      "9": {
        "precision": 0.9704433497536946,
        "recall": 0.9899497487437185,
        "f1": 0.9800995024875622,
        "support": 199
      },
      "10": {
        "precision": 0.8481012658227848,
        "recall": 0.7204301075268817,
        "f1": 0.7790697674418605,
        "support": 186
      },
      "11": {
        "precision": 0.4098360655737705,
        "recall": 0.3125,
        "f1": 0.3546099290780142,
        "support": 80
      },
      "12": {
        "precision": 0.5526315789473685,
        "recall": 0.8076923076923077,
        "f1": 0.65625,
        "support": 52
      },
      "13": {
        "precision": 0.910377358490566,
        "recall": 0.9414634146341463,
        "f1": 0.9256594724220624,
        "support": 205
      },
      "14": {
        "precision": 0.961038961038961,
        "recall": 0.9487179487179487,
        "f1": 0.9548387096774194,
        "support": 78
      },
      "15": {
        "precision": 0.9869281045751634,
        "recall": 0.993421052631579,
        "f1": 0.9901639344262295,
        "support": 152
      },
      "16": {
        "precision": 0.14285714285714285,
        "recall": 0.3,
        "f1": 0.1935483870967742,
        "support": 10
      },
      "17": {
        "precision": 0.2857142857142857,
        "recall": 0.5714285714285714,
        "f1": 0.38095238095238093,
        "support": 7
      },
      "18": {
        "precision": 0.5714285714285714,
        "recall": 0.3,
        "f1": 0.39344262295081966,
        "support": 40
      },
      "19": {
        "precision": 0.0,
        "recall": 0.0,
        "f1": 0.0,
        "support": 2
      },
      "20": {
        "precision": 0.6704545454545454,
        "recall": 0.6704545454545454,
        "f1": 0.6704545454545454,
        "support": 88
      },
      "21": {
        "precision": 0.0,
        "recall": 0.0,
        "f1": 0.0,
        "support": 5
      },
      "22": {
        "precision": 0.5,
        "recall": 0.6923076923076923,
        "f1": 0.5806451612903226,
        "support": 26
      }
    },
    "zero_support_classes": [],
    "confusion_matrix": [
      [
        0,
        0,
        0,
        0,
        0,
        0,
        0,
        0,
        0,
        0,
        2,
        0,
        4,
        0,
        0,
        0,
        2,
        0,
        0,
        0,
        0,
        0,
        0
      ],
      [
        0,
        124,
        0,
        0,
        0,
        0,
        0,
        1,
        0,
        0,
        0,
        0,
        0,
        0,
        0,
        0,
        0,
        0,
        0,
        0,
        4,
        0,
        0
      ],
      [
        0,
        1,
        216,
        0,
        0,
        0,
        0,
        12,
        0,
        0,
        0,
        0,
        0,
        0,
        0,
        0,
        0,
        0,
        0,
        0,
        0,
        0,
        0
      ],
      [
        0,
        0,
        0,
        181,
        7,
        0,
        0,
        0,
        3,
        0,
        0,
        0,
        0,
        9,
        0,
        0,
        0,
        0,
        0,
        0,
        0,
        0,
        0
      ],
      [
        0,
        2,
        0,
        40,
        149,
        0,
        0,
        0,
        5,
        0,
        0,
        0,
        0,
        1,
        0,
        0,
        0,
        0,
        0,
        0,
        0,
        0,
        0
      ],
      [
        0,
        0,
        0,
        0,
        0,
        0,
        0,
        0,
        0,
        0,
        0,
        0,
        0,
        0,
        1,
        0,
        0,
        0,
        0,
        0,
        0,
        0,
        0
      ],
      [
        0,
        0,
        0,
        0,
        0,
        0,
        0,
        0,
        1,
        0,
        0,
        0,
        0,
        0,
        0,
        0,
        0,
        0,
        0,
        0,
        0,
        0,
        0
      ],
      [
        0,
        0,
        0,
        0,
        0,
        0,
        0,
        26,
        0,
        0,
        0,
        0,
        0,
        0,
        0,
        0,
        0,
        0,
        0,
        0,
        0,
        0,
        0
      ],
      [
        0,
        1,
        0,
        0,
        0,
        0,
        0,
        0,
        196,
        0,
        0,
        0,
        0,
        3,
        0,
        0,
        0,
        0,
        1,
        0,
        0,
        0,
        0
      ],
      [
        0,
        1,
        0,
        0,
        0,
        0,
        0,
        0,
        0,
        197,
        0,
        0,
        0,
        0,
        0,
        1,
        0,
        0,
        0,
        0,
        0,
        0,
        0
      ],
      [
        10,
        0,
        0,
        0,
        0,
        0,
        0,
        0,
        0,
        2,
        134,
        29,
        2,
        0,
        0,
        0,
        9,
        0,
        0,
        0,
        0,
        0,
        0
      ],
      [
        4,
        0,
        0,
        0,
        0,
        0,
        0,
        0,
        0,
        0,
        19,
        25,
        24,
        0,
        0,
        1,
        7,
        0,
        0,
        0,
        0,
        0,
        0
      ],
      [
        0,
        0,
        0,
        0,
        0,
        0,
        0,
        0,
        0,
        1,
        3,
        6,
        42,
        0,
        0,
        0,
        0,
        0,
        0,
        0,
        0,
        0,
        0
      ],
      [
        0,
        0,
        1,
        0,
        0,
        0,
        0,
        0,
        3,
        3,
        0,
        0,
        0,
        193,
        0,
        0,
        0,
        3,
        0,
        0,
        2,
        0,
        0
      ],
      [
        0,
        0,
        1,
        0,
        0,
        2,
        0,
        0,
        0,
        0,
        0,
        0,
        0,
        1,
        74,
        0,
        0,
        0,
        0,
        0,
        0,
        0,
        0
      ],
      [
        0,
        0,
        0,
        0,
        0,
        0,
        0,
        0,
        0,
        0,
        0,
        0,
        0,
        1,
        0,
        151,
        0,
        0,
        0,
        0,
        0,
        0,
