{
  "experiment_id": "11_triple_weighted_finetune_wide_official",
  "fold": 3,
  "device": "cuda",
  "best_val_macro_f1": 0.5829929251481945,
  "test": {
    "accuracy": 0.8737040527803959,
    "macro_precision": 0.5863143000933634,
    "macro_recall": 0.5996622909517988,
    "macro_f1": 0.585954340426839,
    "per_class": {
      "0": {
        "precision": 0.0,
        "recall": 0.0,
        "f1": 0.0,
        "support": 8
      },
      "1": {
        "precision": 0.9921259842519685,
        "recall": 0.9767441860465116,
        "f1": 0.984375,
        "support": 129
      },
      "2": {
        "precision": 0.9775784753363229,
        "recall": 0.9519650655021834,
        "f1": 0.9646017699115044,
        "support": 229
      },
      "3": {
        "precision": 0.934010152284264,
        "recall": 0.92,
        "f1": 0.9269521410579346,
        "support": 200
      },
      "4": {
        "precision": 0.9158415841584159,
        "recall": 0.9390862944162437,
        "f1": 0.9273182957393483,
        "support": 197
      },
      "5": {
        "precision": 0.0,
        "recall": 0.0,
        "f1": 0.0,
        "support": 1
      },
      "6": {
        "precision": 0.0,
        "recall": 0.0,
        "f1": 0.0,
        "support": 1
      },
      "7": {
        "precision": 0.6764705882352942,
        "recall": 0.8846153846153846,
        "f1": 0.7666666666666667,
        "support": 26
      },
      "8": {
        "precision": 0.91324200913242,
        "recall": 0.9950248756218906,
        "f1": 0.9523809523809523,
        "support": 201
      },
      "9": {
        "precision": 0.9567307692307693,
        "recall": 1.0,
        "f1": 0.9778869778869779,
        "support": 199
      },
      "10": {
        "precision": 0.8323353293413174,
        "recall": 0.7473118279569892,
        "f1": 0.7875354107648725,
        "support": 186
      },
      "11": {
        "precision": 0.5072463768115942,
        "recall": 0.4375,
        "f1": 0.4697986577181208,
        "support": 80
      },
      "12": {
        "precision": 0.7551020408163265,
        "recall": 0.7115384615384616,
        "f1": 0.7326732673267327,
        "support": 52
      },
      "13": {
        "precision": 1.0,
        "recall": 0.8731707317073171,
        "f1": 0.9322916666666666,
        "support": 205
      },
      "14": {
        "precision": 0.927710843373494,
        "recall": 0.9871794871794872,
        "f1": 0.9565217391304348,
        "support": 78
      },
      "15": {
        "precision": 1.0,
        "recall": 0.993421052631579,
        "f1": 0.9966996699669967,
        "support": 152
      },
      "16": {
        "precision": 0.10638297872340426,
        "recall": 0.5,
        "f1": 0.17543859649122806,
        "support": 10
      },
      "17": {
        "precision": 0.2,
        "recall": 0.14285714285714285,
        "f1": 0.16666666666666666,
        "support": 7
      },
      "18": {
        "precision": 0.6111111111111112,
        "recall": 0.55,
        "f1": 0.5789473684210527,
        "support": 40
      },
      "19": {
        "precision": 0.0,
        "recall": 0.0,
        "f1": 0.0,
        "support": 2
      },
      "20": {
        "precision": 0.6593406593406593,
        "recall": 0.6818181818181818,
        "f1": 0.6703910614525139,
        "support": 88
      },
      "21": {
        "precision": 0.0,
        "recall": 0.0,
        "f1": 0.0,
        "support": 5
      },
      "22": {
        "precision": 0.52,
        "recall": 0.5,
        "f1": 0.5098039215686274,
        "support": 26
      }
    },
    "zero_support_classes": [],
    "confusion_matrix": [
      [
        0,
        0,
        0,
        0,
        0,
        0,
        0,
        0,
        0,
        0,
        2,
        0,
        0,
        0,
        0,
        0,
        6,
        0,
        0,
        0,
        0,
        0,
        0
      ],
      [
        0,
        126,
        2,
        0,
        0,
        0,
        0,
        0,
        0,
        0,
        0,
        0,
        0,
        0,
        0,
        0,
        0,
        0,
        1,
        0,
        0,
        0,
        0
      ],
      [
        0,
        0,
        218,
        0,
        0,
        0,
        0,
        11,
        0,
        0,
        0,
        0,
        0,
        0,
        0,
        0,
        0,
        0,
        0,
        0,
        0,
        0,
        0
      ],
      [
        0,
        0,
        0,
        184,
        16,
        0,
        0,
        0,
        0,
        0,
        0,
        0,
        0,
        0,
        0,
        0,
        0,
        0,
        0,
        0,
        0,
        0,
        0
      ],
      [
        0,
        0,
        0,
        12,
        185,
        0,
        0,
        0,
        0,
        0,
        0,
        0,
        0,
        0,
        0,
        0,
        0,
        0,
        0,
        0,
        0,
        0,
        0
      ],
      [
        0,
        0,
        0,
        0,
        0,
        0,
        0,
        0,
        0,
        0,
        0,
        0,
        0,
        0,
        1,
        0,
        0,
        0,
        0,
        0,
        0,
        0,
        0
      ],
      [
        0,
        0,
        0,
        0,
        0,
        0,
        0,
        0,
        0,
        0,
        0,
        0,
        0,
        0,
        0,
        0,
        0,
        0,
        0,
        0,
        0,
        0,
        1
      ],
      [
        0,
        0,
        3,
        0,
        0,
        0,
        0,
        23,
        0,
        0,
        0,
        0,
        0,
        0,
        0,
        0,
        0,
        0,
        0,
        0,
        0,
        0,
        0
      ],
      [
        0,
        0,
        0,
        0,
        0,
        0,
        0,
        0,
        200,
        0,
        0,
        0,
        0,
        0,
        0,
        0,
        0,
        0,
        1,
        0,
        0,
        0,
        0
      ],
      [
        0,
        0,
        0,
        0,
        0,
        0,
        0,
        0,
        0,
        199,
        0,
        0,
        0,
        0,
        0,
        0,
        0,
        0,
        0,
        0,
        0,
        0,
        0
      ],
      [
        2,
        0,
        0,
        0,
        0,
        0,
        0,
        0,
        0,
        2,
        139,
        26,
        0,
        0,
        0,
        0,
        17,
        0,
        0,
        0,
        0,
        0,
        0
      ],
      [
        0,
        0,
        0,
        0,
        0,
        0,
        0,
        0,
        0,
        0,
        21,
        35,
        11,
        0,
        0,
        0,
        13,
        0,
        0,
        0,
        0,
        0,
        0
      ],
      [
        0,
        0,
        0,
        0,
        0,
        0,
        0,
        0,
        0,
        0,
        2,
        7,
        37,
        0,
        0,
        0,
        6,
        0,
        0,
        0,
        0,
        0,
        0
      ],
      [
        0,
        0,
        0,
        1,
        0,
        0,
        0,
        0,
        5,
        6,
        0,
        0,
        0,
        179,
        5,
        0,
        0,
        1,
        2,
        0,
        4,
        1,
        1
      ],
      [
        0,
        0,
        0,
        0,
        0,
        0,
        0,
        0,
        0,
        0,
        0,
        0,
        0,
        0,
        77,
        0,
        0,
        0,
        0,
        0,
        1,
        0,
        0
      ],
      [
        0,
        0,
        0,
        0,
        0,
        0,
        0,
        0,
        0,
        1,
        0,
        0,
        0,
        0,
        0,
        151,
        0,
        0,
        0,
        0,
        0,
        0,
        0
      ],
      [
        0,
