{
  "experiment_id": "11_triple_weighted_finetune_wide_official",
  "fold": 0,
  "device": "cuda",
  "best_val_macro_f1": 0.6122069788423844,
  "test": {
    "accuracy": 0.8529688972667295,
    "macro_precision": 0.5857936725940333,
    "macro_recall": 0.5923074354280421,
    "macro_f1": 0.5779259254033584,
    "per_class": {
      "0": {
        "precision": 0.09090909090909091,
        "recall": 0.125,
        "f1": 0.10526315789473684,
        "support": 8
      },
      "1": {
        "precision": 0.9609375,
        "recall": 0.9534883720930233,
        "f1": 0.9571984435797666,
        "support": 129
      },
      "2": {
        "precision": 0.9646017699115044,
        "recall": 0.9519650655021834,
        "f1": 0.9582417582417583,
        "support": 229
      },
      "3": {
        "precision": 0.8008298755186722,
        "recall": 0.965,
        "f1": 0.8752834467120182,
        "support": 200
      },
      "4": {
        "precision": 0.9736842105263158,
        "recall": 0.751269035532995,
        "f1": 0.8481375358166189,
        "support": 197
      },
      "5": {
        "precision": 0.0,
        "recall": 0.0,
        "f1": 0.0,
        "support": 1
      },
      "6": {
        "precision": 0.0,
        "recall": 0.0,
        "f1": 0.0,
        "support": 1
      },
      "7": {
        "precision": 0.7027027027027027,
        "recall": 1.0,
        "f1": 0.8253968253968254,
        "support": 26
      },
      "8": {
        "precision": 0.9609756097560975,
        "recall": 0.9800995024875622,
        "f1": 0.9704433497536946,
        "support": 201
      },
      "9": {
        "precision": 0.9563106796116505,
        "recall": 0.9899497487437185,
        "f1": 0.9728395061728395,
        "support": 199
      },
      "10": {
        "precision": 0.869281045751634,
        "recall": 0.7150537634408602,
        "f1": 0.7846607669616519,
        "support": 186
      },
      "11": {
        "precision": 0.4642857142857143,
        "recall": 0.4875,
        "f1": 0.47560975609756095,
        "support": 80
      },
      "12": {
        "precision": 0.7272727272727273,
        "recall": 0.6153846153846154,
        "f1": 0.6666666666666666,
        "support": 52
      },
      "13": {
        "precision": 0.9607843137254902,
        "recall": 0.9560975609756097,
        "f1": 0.9584352078239609,
        "support": 205
      },
      "14": {
        "precision": 0.961038961038961,
        "recall": 0.9487179487179487,
        "f1": 0.9548387096774194,
        "support": 78
      },
      "15": {
        "precision": 0.9933774834437086,
        "recall": 0.9868421052631579,
        "f1": 0.9900990099009901,
        "support": 152
      },
      "16": {
        "precision": 0.12195121951219512,
        "recall": 0.5,
        "f1": 0.19607843137254902,
        "support": 10
      },
      "17": {
        "precision": 0.2,
        "recall": 0.14285714285714285,
        "f1": 0.16666666666666666,
        "support": 7
      },
      "18": {
        "precision": 0.64,
        "recall": 0.4,
        "f1": 0.49230769230769234,
        "support": 40
      },
      "19": {
        "precision": 0.0,
        "recall": 0.0,
        "f1": 0.0,
        "support": 2
      },
      "20": {
        "precision": 0.7096774193548387,
        "recall": 0.5,
        "f1": 0.5866666666666667,
        "support": 88
      },
      "21": {
        "precision": 0.0,
        "recall": 0.0,
        "f1": 0.0,
        "support": 5
      },
      "22": {
        "precision": 0.4146341463414634,
        "recall": 0.6538461538461539,
        "f1": 0.5074626865671642,
        "support": 26
      }
    },
    "zero_support_classes": [],
    "confusion_matrix": [
      [
        1,
        0,
        0,
        0,
        0,
        0,
        0,
        0,
        0,
        0,
        0,
        3,
        1,
        0,
        0,
        0,
        3,
        0,
        0,
        0,
        0,
        0,
        0
      ],
      [
        0,
        123,
        0,
        0,
        0,
        0,
        0,
        1,
        0,
        0,
        0,
        0,
        0,
        0,
        0,
        0,
        0,
        0,
        0,
        0,
        3,
        1,
        1
      ],
      [
        0,
        1,
        218,
        0,
        0,
        0,
        0,
        10,
        0,
        0,
        0,
        0,
        0,
        0,
        0,
        0,
        0,
        0,
        0,
        0,
        0,
        0,
        0
      ],
      [
        0,
        0,
        0,
        193,
        4,
        0,
        0,
        0,
        0,
        0,
        0,
        0,
        0,
        3,
        0,
        0,
        0,
        0,
        0,
        0,
        0,
        0,
        0
      ],
      [
        0,
        1,
        0,
        48,
        148,
        0,
        0,
        0,
        0,
        0,
        0,
        0,
        0,
        0,
        0,
        0,
        0,
        0,
        0,
        0,
        0,
        0,
        0
      ],
      [
        0,
        0,
        0,
        0,
        0,
        0,
        0,
        0,
        0,
        0,
        0,
        0,
        0,
        0,
        1,
        0,
        0,
        0,
        0,
        0,
        0,
        0,
        0
      ],
      [
        0,
        0,
        0,
        0,
        0,
        0,
        0,
        0,
        1,
        0,
        0,
        0,
        0,
        0,
        0,
        0,
        0,
        0,
        0,
        0,
        0,
        0,
        0
      ],
      [
        0,
        0,
        0,
        0,
        0,
        0,
        0,
        26,
        0,
        0,
        0,
        0,
        0,
        0,
        0,
        0,
        0,
        0,
        0,
        0,
        0,
        0,
        0
      ],
      [
        0,
        0,
        0,
        0,
        0,
        0,
        0,
        0,
        197,
        0,
        0,
        0,
        0,
        2,
        0,
        0,
        0,
        0,
        1,
        0,
        1,
        0,
        0
      ],
      [
        0,
        0,
        0,
        0,
        0,
        0,
        0,
        0,
        0,
        197,
        0,
        0,
        0,
        0,
        0,
        1,
        0,
        0,
        0,
        0,
        0,
        1,
        0
      ],
      [
        7,
        0,
        0,
        0,
        0,
        0,
        0,
        0,
        0,
        2,
        133,
        25,
        2,
        0,
        0,
        0,
        17,
        0,
        0,
        0,
        0,
        0,
        0
      ],
      [
        1,
        0,
        0,
        0,
        0,
        0,
        0,
        0,
        0,
        1,
        17,
        39,
        8,
        0,
        0,
        0,
        14,
        0,
        0,
        0,
        0,
        0,
        0
      ],
      [
        0,
        0,
        0,
        0,
        0,
        0,
        0,
        0,
        0,
        1,
        2,
        15,
        32,
        0,
        0,
        0,
        2,
        0,
        0,
        0,
        0,
        0,
        0
      ],
      [
        0,
        0,
        1,
        0,
        0,
        0,
        0,
        0,
        2,
        3,
        0,
        0,
        0,
        196,
        1,
        0,
        0,
        0,
        1,
        0,
        1,
        0,
        0
      ],
      [
        0,
        0,
        0,
        0,
        0,
        4,
        0,
        0,
        0,
        0,
        0,
        0,
        0,
        0,
        74,
        0,
        0,
        0,
        0,
        0,
        0,
        0,
        0
      ],
      [
        0,
        0,
        0,
        0,
        0,
        0,
        0,
        0,
        0,
        2,
        0,
        0,
        0,
        0,
        0,
        150,
        0,
        0,
        0,
        0,
